20ASTLB3L0FBPWA8FU5JZEVE5SUJV7, intensified, 15
20ASTLB3L0FBPWA8FU5JZEVE5SUJV7, received, 23
20ASTLB3L0FBPWA8FU5JZEVE5SUJV7, sovereign, 26
20ASTLB3L0FBPWA8FU5JZEVE5SUJV7, installment, 12
20ASTLB3L0FBPWA8FU5JZEVE5SUJV7, obligated, 31
20ASTLB3L0FBPWA8FU5JZEVE5SUJV7, published, 21
20ASTLB3L0FBPWA8FU5JZEVE5SUJV7, carcass, 20
20ASTLB3L0FBPWA8FU5JZEVE5SUJV7, satellite, 40
20ASTLB3L0FBPWA8FU5JZEVE5SUJV7, ancient, 46
20ASTLB3L0FBPWA8FU5JZEVE5SUJV7, practice, 12
20ASTLB3L0FBPWA8FU5JZEVE5SUJV7, edited, 25
20ASTLB3L0FBPWA8FU5JZEVE5SUJV7, invaded, 23
20ASTLB3L0FBPWA8FU5JZEVE5SUJV7, antagonist, 20
20ASTLB3L0FBPWA8FU5JZEVE5SUJV7, combat, 45
20ASTLB3L0FBPWA8FU5JZEVE5SUJV7, predominantly, 27
20ASTLB3L0FBPWA8FU5JZEVE5SUJV7, retired, 24
20ASTLB3L0FBPWA8FU5JZEVE5SUJV7, founded, 33
20ASTLB3L0FBPWA8FU5JZEVE5SUJV7, longevity, 19
20ASTLB3L0FBPWA8FU5JZEVE5SUJV7, settled, 21
20ASTLB3L0FBPWA8FU5JZEVE5SUJV7, produced, 26
20ASTLB3L0FBPWA8FU5JZEVE5SUJV7, competitions, 20
20ASTLB3L0FBPWA8FU5JZEVE5SUJV7, footballer, 28
20ASTLB3L0FBPWA8FU5JZEVE5SUJV7, conceals, 49
20ASTLB3L0FBPWA8FU5JZEVE5SUJV7, express, 34
25D2JE1M7PKKF8JGAZQAK04LZYTXQE, intensified, 9
25D2JE1M7PKKF8JGAZQAK04LZYTXQE, received, 32
25D2JE1M7PKKF8JGAZQAK04LZYTXQE, sovereign, 22
25D2JE1M7PKKF8JGAZQAK04LZYTXQE, installment, 27
25D2JE1M7PKKF8JGAZQAK04LZYTXQE, obligated, 20
25D2JE1M7PKKF8JGAZQAK04LZYTXQE, published, 29
25D2JE1M7PKKF8JGAZQAK04LZYTXQE, carcass, 16
25D2JE1M7PKKF8JGAZQAK04LZYTXQE, satellite, 31
25D2JE1M7PKKF8JGAZQAK04LZYTXQE, ancient, 41
25D2JE1M7PKKF8JGAZQAK04LZYTXQE, practice, 6
25D2JE1M7PKKF8JGAZQAK04LZYTXQE, edited, 12
25D2JE1M7PKKF8JGAZQAK04LZYTXQE, invaded, 24
25D2JE1M7PKKF8JGAZQAK04LZYTXQE, antagonist, 26
25D2JE1M7PKKF8JGAZQAK04LZYTXQE, combat, 45
25D2JE1M7PKKF8JGAZQAK04LZYTXQE, predominantly, 24
25D2JE1M7PKKF8JGAZQAK04LZYTXQE, retired, 18
25D2JE1M7PKKF8JGAZQAK04LZYTXQE, founded, 19
25D2JE1M7PKKF8JGAZQAK04LZYTXQE, longevity, 9
25D2JE1M7PKKF8JGAZQAK04LZYTXQE, settled, 14
25D2JE1M7PKKF8JGAZQAK04LZYTXQE, produced, 33
25D2JE1M7PKKF8JGAZQAK04LZYTXQE, competitions, 29
25D2JE1M7PKKF8JGAZQAK04LZYTXQE, footballer, 15
25D2JE1M7PKKF8JGAZQAK04LZYTXQE, conceals, 47
25D2JE1M7PKKF8JGAZQAK04LZYTXQE, express, 15
