"2H9YNJ92NJKM6S36N4LH6W2GUYT7CA"	"20ASTLB3L0FBPWA8FU5JZEVE5SUJV7"	"pieces"	"parts"	"parts"	"parts"	"parts"	"component"	"sections"	"parts"	"parts"	"parts"	"parts"	"parts"	"elements"	"parts"	"parts"	"parts"	"part"	"parts"	"parts"	"parts"	"components"	"parts"	"parts"	"components"	"parts"	"parts"	"parts"	"parts"	"bits"	"parts"	"parts"	"parts"	"parts"	"parts"	"parts"	"parts"	"parts"	"parts"	"parts"	"information"	"parts"	"parts"	"parts"	"bits"	"parts"	"parts"	"parts"	"bits"	"parts"	"parts"	"items"	"parts"	
"2QC8P9Y38TWW35VCY99M8JTAHWPZIV"	"20ASTLB3L0FBPWA8FU5JZEVE5SUJV7"	"diverted"	"drawn away"	"redirected"	"changed"	"redirected"	"turned"	"moved"	"rerouted"	"changed"	"rerouted"	"led away"	"rerouted"	"redirected"	"sent away"	"redirected"	"changed"	"redirected"	"separated"	"redirected"	"switched"	"redirected"	"redirected"	"rerouted"	"switched"	"rerouted"	"redirected"	"moved"	"moved"	"split"	"redirected"	"changed"	"redirected"	"altered"	"separated"	"moved"	"altered"	"redirected"	"rerouted"	"redirected"	"redirected"	"split"	"turned"	"redirected"	"drawn away"	"veered"	"moved"	"rerouted"	"channeled"	"redirected"	"deflected"	"changed"	"redirected"	
"2QHJMJUNU8LZCEZKKGI9GD8J44X1HF"	"20ASTLB3L0FBPWA8FU5JZEVE5SUJV7"	"possessor"	"owner"	"buyer"	"owner"	"owner"	"owner"	"owner"	"owner"	"holder"	"owner"	"owner"	"owner"	"owner"	"owner"	"owner"	"owner"	"owner"	"owner"	"holder"	"owner"	"owner"	"owner"	"owner"	"owner"	"owner"	"owner"	"owner"	"master"	"owner"	"owner"	"keeper"	"owner"	"owner"	"owner"	"owner"	"owner"	"owner"	"owner"	"owner"	"teacher"	"owner"	"keeper"	"owner"	"owner"	"holder"	"owner"	"owner"	"owner"	"holder"	"owner"	"owner"	"owner"	
"25CQIHPCGJ2D8OGN0GOH8JPPTRM28J"	"20ASTLB3L0FBPWA8FU5JZEVE5SUJV7"	"perils"	"dangers"	"dangers"	"difficulties"	"dangers"	"dangers"	"danger"	"restraints"	"problems"	"dangers"	"risks"	"dangers"	"dangers"	"dangers"	"dangers"	"hazards"	"dangers"	"fates"	"dangers"	"dangers"	"dangers"	"dangers"	"dangers"	"dangers"	"dangers"	"dangers"	"dangers"	"dangers"	"dangers"	"dangers"	"dangers"	"dangers"	"dangers"	"situations"	"dangers"	"dangers"	"dangers"	"dangers"	"dangers"	"dangers"	"dangers"	"dangers"	"dangers"	"dangers"	"dangers"	"dangers"	"dangers"	"dangers"	"dangers"	"dangers"	"troubles"	"dangers"	
"2C2CJ011K274PU14U7X1GN46V6YCA5"	"20ASTLB3L0FBPWA8FU5JZEVE5SUJV7"	"retained"	"kept"	"kept"	"held"	"maintained"	"kept"	"kept"	"held"	"kept"	"kept"	"kept"	"kept"	"kept"	"kept"	"kept"	"kept"	"held"	"held"	"kept"	"kept"	"kept"	"kept"	"held"	"kept"	"kept"	"kept"	"kept"	"kept"	"kept"	"kept"	"kept"	"held"	"regained"	"kept"	"held"	"kept"	"kept"	"kept"	"kept"	"kept"	"maintained"	"kept"	"kept"	"kept"	"kept"	"held"	"kept"	"maintained"	"kept"	"kept"	"held"	"kept"	
"2YDWAVKI62NJWPTR6A09YH6BLUVRJ6"	"20ASTLB3L0FBPWA8FU5JZEVE5SUJV7"	"residence"	"home"	"home"	"home"	"dwelling"	"home"	"home"	"home"	"home"	"people"	"home"	"home"	"house"	"home"	"home"	"home"	"home"	"home"	"home"	"home"	"home"	"home"	"dwelling"	"home"	"home"	"home"	"home"	"home"	"home"	"home"	"home"	"home"	"home"	"home"	"home"	"home"	"house"	"house"	"home"	"home"	"home"	"home"	"home"	"house"	"home"	"house"	"abode"	"house"	"home"	"home"	"owner"	"home"	
"2SLQ39Z0B6UTUTLOI6JT3RKGQ5BMX1"	"20ASTLB3L0FBPWA8FU5JZEVE5SUJV7"	"procured"	"obtained"	"gotten"	"found"	"gathered"	"batten"	"aquired"	"grabbed"	"created"	"gotten"	"obtained"	"attained"	"obtained"	"made"	"grabbed"	"gathered"	"obtained"	"acquired"	"made"	"obtained"	"received"	"acquired"	"gathered"	"obtained"	"grabbed"	"obtained"	"obtained"	"grabbed"	"gathered"	"processed"	"obtained"	"gotten"	"gotten"	"collected"	"gotten"	"obtained"	"gotten"	"obtained"	"obtained"	"obtained"	"gotten"	"gathered"	"gathered"	"gathered"	"gotten"	"obtained"	"obtained"	"gathered"	"secured"	"obtained"	"gathered"	"obtained"	
"230KMN9U8P9Y9VLG08930UYIN92UDZ"	"20ASTLB3L0FBPWA8FU5JZEVE5SUJV7"	"convened"	"opened"	"started"	"assembled"	"called"	"gathered"	"created"	"made"	"called"	"aggregated"	"made"	"brought together"	"gathered"	"called"	"hosted"	"organized"	"assembled"	"held"	"gathered"	"held"	"met"	"started"	"assembled"	"ordered"	"held"	"created"	"assembled"	"called"	"held"	"called"	"assembled"	"called"	"called"	"met"	"gathered"	"started"	"called"	"called"	"organized"	"held"	"assembled"	"assembled"	"organized"	"gathered"	"assembled"	"met"	"assembled"	"gathered"	"assembled"	"opened"	"called"	"called"	"assembled"
"2Z2MN9U8P9Y3EGOG1TUS2YIM1SCEV1"	"20ASTLB3L0FBPWA8FU5JZEVE5SUJV7"	"vital"	"important"	"critical"	"essential"	"necessary"	"important"	"necessary"	"important"	"important"	"important"	"needed"	"required"	"important"	"necessary"	"required"	"necessary"	"essential"	"needed"	"necessary"	"important"	"needed"	"essential"	"essential"	"necessary"	"necessary"	"essential"	"essential"	"important"	"necessary"	"important"	"important"	"needed"	"important"	"critical"	"needed"	"necessary"	"crucial"	"needed"	"needed"	"necessary"	"important"	"important"	"important"	"important"	"important"	"important"	"needed"	"essential"	"necessary"	"required"	"essential"	"important"	
"2CZ8MZ9O9Z6K2RR6EA8HZRLFR98A1E"	"20ASTLB3L0FBPWA8FU5JZEVE5SUJV7"	"acquired"	"received"	"gotten"	"got"	"gotten"	"achieved"	"gained"	"gained"	"got"	"gained"	"gotten"	"gotten"	"taken"	"gained"	"got"	"received"	"amassed"	"gained"	"received"	"got"	"received"	"obtained"	"obtained"	"gained"	"got"	"gotten"	"gained"	"obtained"	"received"	"gained"	"gotten"	"obtained"	"gotten"	"gotten"	"achieved"	"started"	"gotten"	"gotten"	"received"	"inherited"	"got"	"achieved"	"gotten"	"gotten"	"received"	"obtained"	"gained"	"gained"	"taken"	"gained"	"got"	"gotten"	
"2OIG5R98D8J311ZGW3KN6CG3NL3UES"	"20ASTLB3L0FBPWA8FU5JZEVE5SUJV7"	"abundance"	"plenty"	"large amount"	"supply"	"a lot"	"amount"	"bounty"	"surplus"	"amount"	"excess"	"excess"	"great amount"	"large amount"	"plenty"	"amount"	"wealth"	"surplus"	"quantity"	"supply"	"amount"	"plenitude"	"amount"	"outpouring"	"plenty"	"amount"	"large amount"	"amount"	"amount"	"surplus"	"portion"	"amount"	"plenty"	"surplus"	"bounty"	"amount"	"amount"	"plenty"	"profusion"	"amount"	"amount"	"amount"	"plenty"	"wealth"	"availability"	"supply"	"plenitude"	"plenty"	"wealth"	"plenty"	"heap"	"growth"	"amount"	
"2QQD8J3VE7WSYGFIGRUMKK8AUBEZJ7"	"20ASTLB3L0FBPWA8FU5JZEVE5SUJV7"	"substantial"	"significant"	"huge"	"large"	"big"	"high"	"large"	"significant"	"large"	"large"	"large"	"significant"	"heavy"	"significant"	"many"	"extensive"	"big"	"large"	"large"	"large"	"large"	"big"	"large"	"large"	"large"	"large"	"large"	"large"	"major"	"large"	"large"	"large"	"large"	"large"	"large"	"copious"	"great"	"large"	"large"	"large"	"a lot"	"large"	"large"	"large"	"large"	"large"	"large"	"large"	"large"	"a lot"	"large"	"large"	
"2UHXR24SMEZZ89A4QY0UGP9Y4HC1I8"	"20ASTLB3L0FBPWA8FU5JZEVE5SUJV7"	"arid"	"dry"	"dry"	"dry"	"dry"	"dry"	"dry"	"dry"	"dry"	"dry"	"dry"	"dry"	"dry"	"dry"	"dry"	"dry"	"dry"	"dry"	"dry"	"dry"	"dry"	"dry"	"dry"	"dry"	"dry"	"dry"	"dry"	"dry"	"desolate"	"dry"	"dry"	"dry"	"dry"	"dry"	"dry"	"dry"	"dry"	"dry"	"dry"	"dry"	"moistureless"	"barren"	"dry"	"dry"	"dry"	"dry"	"dry"	"dry"	"dry"	"dry"	"dry"	"dry"	
"2RJQP6AUC26DMTZX58UV8FK0DX4298"	"20ASTLB3L0FBPWA8FU5JZEVE5SUJV7"	"meandered"	"wandered"	"wandered"	"wondered"	"moved"	"strolled"	"wandered"	"moved"	"wandered"	"strolled"	"wandered"	"wandered"	"wandered"	"wandered"	"traveled"	"wandered"	"navigated"	"drifted"	"wandered"	"wandered"	"wandered"	"drifted"	"wandered"	"wandered"	"wandered"	"walked"	"twisted"	"blew"	"traveled"	"wandered"	"wandered"	"wandered"	"wandered"	"went"	"wandered"	"traveled"	"curved"	"wandered"	"wandered"	"walked"	"wandered"	"wandered"	"wandered"	"drifted"	"walked"	"wandered"	"wandered"	"drifted"	"wandered"	"walked"	"zigzagged"	"wandered"	
"2V6ZFYQS1CSTSB7HVOJ4QC1EZM6KNA"	"20ASTLB3L0FBPWA8FU5JZEVE5SUJV7"	"generated"	"created"	"created"	"made"	"yielded"	"made"	"created"	"created"	"created"	"created"	"made"	"produced"	"created"	"made"	"made"	"made"	"created"	"formed"	"made"	"made"	"created"	"created"	"produced"	"created"	"produced"	"powered"	"created"	"made"	"created"	"created"	"had"	"created"	"made"	"achieved"	"created"	"created"	"made"	"made"	"created"	"created"	"built"	"produced"	"created"	"created"	"created"	"created"	"produced"	"created"	"made"	"developed"	"produced"	"created"	
"2YJXERSQV66RRC92XE8V4AVKJFMA2V"	"20ASTLB3L0FBPWA8FU5JZEVE5SUJV7"	"comprise"	"make up"	"make up"	"makes"	"make up"	"make up"	"make up"	"includes"	"consist of"	"make up"	"compose"	"make up"	"make up"	"form"	"make up"	"make up"	"make up"	"make up"	"compose"	"form"	"contain"	"include"	"make up"	"make up"	"make up"	"include"	"make up"	"make up"	"contains"	"form"	"make up"	"contain"	"agreed"	"make up"	"make up"	"included"	"form"	"include"	"make up"	"make up"	"make up"	"contain"	"contain"	"form"	"contain"	"cover"	"make up"	"form"	"create"	"include"	"includes"	"make up"	
"2N0AA2SEIUUU6NGAOV14QIS8TBDPPC"	"20ASTLB3L0FBPWA8FU5JZEVE5SUJV7"	"secures"	"stops"	"holds"	"ties"	"binds"	"holds"	"holds"	"holds"	"fixed"	"holds"	"holds"	"protects"	"holds"	"tightens"	"holds"	"holds"	"holds"	"keeps"	"holds"	"holds"	"prevents"	"locks"	"holds"	"protects"	"holds"	"confines"	"fastens"	"fixes"	"holds"	"stops"	"holds"	"holds"	"fastens"	"limits"	"holds"	"fastens"	"holds"	"holds"	"fixes"	"restrains"	"holds"	"keep"	"holds"	"holds"	"traps"	"locks"	"holds"	"holds"	"guards"	"holds"	"tightens"	"holds"	
"24VWIOV1S7SN90L0YCUYLZ8N90EZK6"	"20ASTLB3L0FBPWA8FU5JZEVE5SUJV7"	"career"	"job"	"job"	"job"	"job"	"line of work"	"job"	"work"	"work"	"job"	"job"	"job"	"profession"	"job"	"field"	"work"	"job"	"life"	"life"	"job"	"job"	"life"	"job"	"work"	"life"	"work"	"work"	"job"	"job"	"job"	"job"	"work"	"profession"	"life"	"life"	"job"	"honored"	"work"	"profession"	"job"	"job"	"job"	"employment"	"field"	"occupation"	"job"	"job"	"work"	"job"	"profession"	"profession"	"job"	
"2GYKPEIB9BAWRFEHT1WV5UD3N2AX01"	"20ASTLB3L0FBPWA8FU5JZEVE5SUJV7"	"refuses"	"does not want"	"declines"	"declines"	"denies"	"declines"	"declines"	"decides not to"	"declines"	"declines"	"does not want"	"protests"	"ceases"	"disallowed"	"does not want"	"stopped"	"fails"	"declines"	"declined"	"declines"	"declines"	"declines"	"denies"	"doesn't"	"stops"	"says no"	"declines"	"denied"	"doesn't want"	"denies"	"declines"	"declines"	"declines"	"refrain"	"denies"	"disagrees"	"doesn't"	"declines"	"declines"	"decline"	"decides not"	"declines"	"won't"	"avoids"	"declines"	"declines"	"decline"	"declines"	"avoids"	"avoids"	"declines"	"declines"	
"20Y5TYMNCWYBAW7TW3JH511JPWBKOP"	"20ASTLB3L0FBPWA8FU5JZEVE5SUJV7"	"casualties"	"deaths"	"deaths"	"injuries"	"deaths"	"deaths"	"deaths"	"injuries"	"deaths"	"deaths"	"deaths"	"deaths"	"deaths"	"deaths"	"injuries"	"deaths"	"accidents"	"deaths"	"injuries"	"deaths"	"deaths"	"deaths"	"deaths"	"deaths"	"victims"	"injuries"	"deaths"	"injuries"	"injuries"	"deaths"	"deaths"	"deaths"	"deaths"	"deaths"	"victims"	"deaths"	"victims"	"deaths"	"deaths"	"deaths"	"injuries"	"deaths"	"deaths"	"fatalities"	"deaths"	"deaths"	"injuries"	"deaths"	"deaths"	"deaths"	"injuries"	"deaths"	
"2YJXERSQV66RRC92XE8V4AVKJFM2AN"	"20ASTLB3L0FBPWA8FU5JZEVE5SUJV7"	"transmitting"	"sending"	"giving"	"communicating"	"sending"	"delivering"	"sending"	"giving"	"conveying"	"sending"	"giving"	"sending"	"sending"	"sending"	"sending"	"giving"	"sending"	"sending"	"transferring"	"passing"	"sending"	"moving"	"communicating"	"sending"	"sending"	"communicating"	"forwarding"	"giving"	"giving"	"spreading"	"giving"	"giving"	"giving"	"giving"	"spreading"	"transferring"	"sending"	"giving"	"giving"	"conveying"	"sending"	"sharing"	"sending"	"relaying"	"giving"	"broadcasting"	"transferring"	"transferring"	"communicating"	"sending"	"relaying"	"sending"	
"2CIFK0COK2JE79Z9OV0LZW6O0JVRK5"	"20ASTLB3L0FBPWA8FU5JZEVE5SUJV7"	"released"	"initiated"	"sent"	"created"	"sold"	"made available"	"sold"	"delivered"	"available"	"premiered"	"dispersed"	"sold"	"put out"	"distributed"	"sold"	"sold"	"available"	"given"	"sold"	"sold"	"launched"	"published"	"revealed"	"delivered"	"available"	"delivered"	"put out"	"dispensed"	"put out"	"issued"	"available first"	"sold"	"let out"	"sold"	"published"	"issued"	"provided"	"distributed"	"sold"	"opened"	"distributed"	"sent"	"sold"	"put out"	"available"	"let go"	"dropped"	"able to be sold"	"made public"	"sold"	"sold"	"sold"	
"2YQMZ9O9Z6KWAMEU3S8RZLFQ1X72BI"	"20ASTLB3L0FBPWA8FU5JZEVE5SUJV7"	"circumstances"	"situations"	"situations"	"instances"	"situations"	"situations"	"situations"	"cases"	"situations"	"situations"	"cases"	"cases"	"ways"	"cases"	"situations"	"situations"	"situations"	"situations"	"examples"	"cases"	"instances"	"cases"	"situations"	"situations"	"cases"	"instances"	"times"	"situations"	"situations"	"situations"	"situations"	"situations"	"instances"	"situations"	"situations"	"instances"	"cases"	"situations"	"situations"	"situations"	"cases"	"instances"	"scenarios"	"events"	"ways"	"situations"	"situations"	"situations"	"situations"	"situations"	"events"	"situations"	
"26EZ9RNDWIOV7FZCRE4TOU13ZMIUFA"	"20ASTLB3L0FBPWA8FU5JZEVE5SUJV7"	"disbanded"	"dissolved"	"scattered"	"broke up"	"broke up"	"quit"	"broke up"	"separated"	"broke up"	"broke up"	"broke up"	"dissolved"	"broke up"	"separated"	"broke up"	"died"	"separated"	"ended"	"broke up"	"separated"	"ended"	"broke up"	"separated"	"split up"	"dissolved"	"dissolved"	"broke up"	"broke up"	"broke up"	"stopped"	"separated"	"broke up"	"dissolved"	"broke up"	"split"	"broke up"	"separated"	"broke up"	"broke up"	"separated"	"separated"	"broke apart"	"dissolved"	"ended"	"broke up"	"broke up"	"broke up"	"split"	"separated"	"split"	"separated"	"broke up"	
"2I7C6SK9RJ85UMAJISDAIPMOPZP4SH"	"20ASTLB3L0FBPWA8FU5JZEVE5SUJV7"	"envisaged"	"imagined"	"pictured"	"saw"	"imagined"	"imagined"	"saw"	"saw"	"imagined"	"saw"	"saw"	"imagined"	"imagined"	"saw"	"saw"	"imagined"	"imagined"	"considered"	"imagined"	"saw"	"imagined"	"anticipated"	"imagined"	"imagined"	"conceived"	"imagined"	"good"	"pictured"	"saw"	"pictured"	"envisioned"	"anticipated"	"imagined"	"pictured"	"saw"	"imagined"	"pictured"	"envisioned"	"saw"	"imagined"	"envisioned"	"saw"	"saw"	"imagined"	"pictured"	"imagined"	"predicted"	"seen"	"pictured"	"featured"	"imagined"	"imagined"	
"2E2NQY2RCJK69MNY7SI0SUIARI34T6"	"20ASTLB3L0FBPWA8FU5JZEVE5SUJV7"	"fuselage"	"trunk"	"cabin"	"body"	"cabin"	"main parts"	"body"	"body"	"cabin"	"body"	"body"	"body"	"mass"	"body"	"body"	"fuel tank"	"frame"	"body"	"body"	"body"	"frame"	"core"	"body"	"body"	"body"	"gas tank"	"body"	"body"	"fuel tank"	"cabin"	"body"	"front"	"tank"	"gas tank"	"tank"	"body"	"body"	"bulk"	"body"	"body"	"body"	"body"	"body"	"bulk"	"cabin"	"body"	"body"	"body"	"frame"	"center"	"body"	"body"	
"2S4JTUHYW2GTVWJUB3WWU169Z17KP6"	"20ASTLB3L0FBPWA8FU5JZEVE5SUJV7"	"acquisition"	"buying"	"purchase"	"purchase"	"purchase"	"ownership"	"addition"	"purchase"	"gain"	"ownership"	"purchase"	"purchase"	"purchase"	"gaining"	"obtaining"	"receiving"	"gain"	"purchase"	"buying"	"purchase"	"purchase"	"addition"	"purchase"	"gain"	"gain"	"ownership"	"buying"	"gain"	"gain"	"gaining"	"purchase"	"addition"	"purchase"	"gain"	"gain"	"purchase"	"purchase"	"purchase"	"attainment"	"gaining"	"receiving"	"gaining"	"purchase"	"buying"	"attaining"	"purchase"	"purchase"	"purchase"	"acquirement"	"obtaining"	"purchase"	"purchase"	
"29E6NG1FS3NYT63IJC6Z0ZL2Y0JZL9"	"20ASTLB3L0FBPWA8FU5JZEVE5SUJV7"	"endorsed"	"approved"	"supported"	"okayed"	"approved"	"approved"	"supported"	"approved"	"supported"	"supported"	"recommended"	"supported"	"supported"	"adopted"	"backed"	"approved"	"accepted"	"accepted"	"supported"	"approved"	"supported"	"approved"	"supported"	"approved"	"approved"	"accepted"	"supported"	"supported"	"backed"	"accepted"	"approved"	"supported"	"ratified"	"passed"	"authorized"	"okayed"	"supported"	"approved"	"supported"	"supported"	"supported"	"supported"	"favored"	"approved"	"approved"	"approved"	"authorized"	"supported"	"supported"	"approved"	"supported"	"supported"	
"2Q2SSZVXX2Q4BHM4UZPGVIW1O1R6O6"	"20ASTLB3L0FBPWA8FU5JZEVE5SUJV7"	"periphery"	"surroundings"	"outskirts"	"edge"	"outside"	"area"	"edge"	"outskirts"	"edge"	"border"	"edge"	"edge"	"edge"	"side"	"edge"	"edge"	"part"	"rim"	"edge"	"outside"	"edge"	"edge"	"edge"	"border"	"edge"	"edge"	"edge"	"edge"	"edge"	"edge"	"border"	"border"	"edge"	"edge"	"circumference"	"edges"	"border"	"edge"	"edge"	"end"	"side"	"side"	"border"	"end"	"border"	"edge"	"border"	"edge"	"edge"	"part"	"edge"	"edge"	
"2J845UUKQOYGT5OLR3ZOO01081EEWB"	"20ASTLB3L0FBPWA8FU5JZEVE5SUJV7"	"tolerated"	"endured"	"bared"	"allowed"	"allowed"	"accepted"	"allowed"	"allowed"	"allowed"	"accepted"	"allowed"	"accepted"	"allowed"	"accepted"	"accepted"	"put up with"	"accepted"	"accepted"	"allowed"	"allowed"	"allowed"	"accepted"	"allowed"	"allowed"	"accepted"	"allowed"	"accepted"	"accepted"	"accepted"	"okay"	"used"	"allowed"	"accepted"	"accepted"	"accepted"	"allowed"	"okay"	"acceptable"	"accepted"	"allowed"	"accepted"	"accepted"	"allowed"	"accepted"	"allowed"	"accepted"	"accepted"	"accepted"	"accepted"	"allowed"	"accepted"	"accepted"	
"22X395SW6NG1LFV72YAB6F1F01IUG9"	"20ASTLB3L0FBPWA8FU5JZEVE5SUJV7"	"enraged"	"mad"	"furious"	"upset"	"angry"	"angry"	"angry"	"angry"	"angry"	"angry"	"angry"	"angry"	"angry"	"angry"	"angry"	"angry"	"furious"	"angered"	"angry"	"infuriated"	"mad"	"furious"	"mad"	"angry"	"mad"	"angry"	"angry"	"mad"	"upset"	"angry"	"angered"	"angry"	"angry"	"angry"	"angry"	"angry"	"angry"	"angry"	"angry"	"angered"	"angry"	"furious"	"angered"	"mad"	"angered"	"angry"	"angered"	"angry"	"angry"	"furious"	"angry"	"angry"	
"26UGJ2D21O3WBK9KN0GSQ2KYFY57DA"	"20ASTLB3L0FBPWA8FU5JZEVE5SUJV7"	"expedition"	"journey"	"adventure"	"trip"	"trip"	"journey"	"journey"	"excursion"	"trip"	"journey"	"journey"	"exploration"	"quest"	"mission"	"quest"	"adventure"	"outing"	"voyage"	"journey"	"journey"	"trip"	"adventure"	"journey"	"journey"	"trip"	"voyage"	"trip"	"trip"	"adventure"	"trip"	"trip"	"journey"	"tour"	"journey"	"trip"	"mission"	"journey"	"journey"	"quest"	"voyage"	"journey"	"trip"	"adventure"	"trek"	"trip"	"adventure"	"adventure"	"journey"	"undertaking"	"trip"	"journey"	"journey"	
"2SOBFMFFOYYIZOL3JO7E0C0RY59ZMB"	"20ASTLB3L0FBPWA8FU5JZEVE5SUJV7"	"situated"	"located"	"located"	"placed"	"located"	"positioned"	"located"	"settles"	"fixed"	"placed"	"settled"	"sitting"	"placed"	"placed"	"located"	"located"	"positioned"	"positioned"	"sitting"	"sitting"	"placed"	"at"	"established"	"placed"	"placed"	"located"	"located"	"based"	"placed"	"located"	"located"	"located"	"placed"	"placed"	"located"	"located"	"located"	"placed"	"fixed"	"located"	"located"	"located"	"positioned"	"placed"	"located"	"located"	"located"	"located"	"positioned"	"located"	"located"	"located"	
"2I8P6AUC26DGCU5L1EM0NK0CPTMA36"	"20ASTLB3L0FBPWA8FU5JZEVE5SUJV7"	"obligations"	"duties"	"commitments"	"duties"	"duties"	"promise"	"duties"	"agreements"	"commitments"	"duties"	"ties"	"promises"	"commitment"	"commitments"	"responsibility"	"debt"	"duties"	"duties"	"commitment"	"ties"	"duties"	"duties"	"commitments"	"promises"	"agreements"	"business"	"loyalty"	"responsibilities"	"promises"	"responsibilities"	"ties"	"requirements"	"responsibilities"	"debts"	"requirements"	"commitments"	"responsibilities"	"commitments"	"connections"	"duties"	"duties"	"commitments"	"responsibility"	"duties"	"duty"	"responsibilities"	"duties"	"duties"	"duties"	"requirements"	"responsibilities"	"duties"	
"22T3L0FBJ9IOH663VPMEDRPR3VJZNB"	"20ASTLB3L0FBPWA8FU5JZEVE5SUJV7"	"ambiguous"	"uncertain"	"confusing"	"unclear"	"random"	"unknown"	"uncertain"	"vague"	"unclear"	"uncertain"	"unknown"	"unclear"	"unknown"	"unclear"	"unclear"	"unclear"	"unclear"	"uncertain"	"unknown"	"hidden"	"unclear"	"unknown"	"unknown"	"unknown"	"unclear"	"unknown"	"unclear"	"vague"	"unclear"	"uncertain"	"cloudy"	"unclear"	"unclear"	"vague"	"vague"	"unclear"	"unknown"	"uncertain"	"unclear"	"unclear"	"unclear"	"unclear"	"unclear"	"unknown"	"vague"	"indeterminate"	"unknown"	"unclear"	"unclear"	"unsure"	"unknown"	"unclear"	
"2FK4E6AUBXHWY4ZZPK0VJZWDSUGX14"	"20ASTLB3L0FBPWA8FU5JZEVE5SUJV7"	"ceded"	"gave up"	"detached"	"left"	"gave"	"gave"	"gave up"	"handed over"	"gave"	"surrendered"	"gave up"	"surrendered"	"yielded"	"surrendered"	"gave"	"gave up"	"gave"	"gave"	"yielded"	"gave"	"surrendered"	"gave"	"surrendered"	"surrendered"	"assigned"	"gave"	"gave up"	"surrendered"	"surrendered"	"surrendered"	"surrendered"	"allowed"	"gave"	"abandoned"	"gave"	"gave"	"granted"	"gave"	"gave"	"surrendered"	"gave"	"gave"	"surrendered"	"surrendered"	"surrendered"	"surrendered"	"surrendered"	"transfer"	"gave"	"gave"	"gave up"	"gave"	
"2A3B3L0FBJ9IUYBYN25VM5RPSB5MY7"	"20ASTLB3L0FBPWA8FU5JZEVE5SUJV7"	"siege"	"attack"	"blockade"	"attack"	"attack"	"capture"	"attack"	"attack"	"attack"	"attack"	"attack"	"invasion"	"battle"	"battle"	"storm"	"blockade"	"surrounding"	"capture"	"attack"	"war"	"capture"	"fighting"	"attack"	"blockade"	"blockade"	"attack"	"invasion"	"attack"	"takeover"	"surrounding"	"holding"	"attack"	"capture"	"attack"	"attack"	"attack"	"storming"	"barricade"	"capture"	"battle"	"battle"	"takeover"	"raid"	"blockade"	"conquer"	"hold"	"attack"	"blockade"	"capture"	"blockage"	"attack"	"attack"	
"2PQMQU6L5OBVI5TB18VAQJF7H3KEX4"	"20ASTLB3L0FBPWA8FU5JZEVE5SUJV7"	"leased"	"rented"	"rented"	"rented"	"rented"	"rented"	"rented"	"rented"	"rented"	"rented"	"rented"	"loaned"	"rented"	"rented"	"borrowed"	"rented"	"loaned"	"borrowed"	"rented"	"rented"	"rented"	"rented"	"rented"	"rented"	"rented"	"rented"	"rented"	"rented"	"rented"	"rented"	"rented"	"secured"	"gave"	"borrowed"	"rented"	"rented"	"loaned"	"rented"	"let"	"rented"	"rented"	"rented"	"rented"	"rented"	"rented"	"rented"	"rented"	"rented"	"rented"	"loaned"	"borrowed"	"rented"	
"2L13NAB6BFMFLBQIM4STRFDGF1VUH8"	"20ASTLB3L0FBPWA8FU5JZEVE5SUJV7"	"sparse"	"limited"	"scattered"	"small"	"thin"	"few"	"thin"	"thin"	"thin"	"thin"	"thin"	"thin"	"small"	"small"	"limited"	"small"	"limited"	"thin"	"thin"	"little"	"small"	"thin"	"thin"	"thin"	"skimpy"	"thin"	"small"	"light"	"thin"	"few"	"bare"	"thin"	"small"	"scattered"	"few"	"thin"	"thin"	"thin"	"light"	"scattered"	"limited"	"skimpy"	"thin"	"thin"	"scant"	"thin"	"bare"	"slim"	"small"	"thin"	"skimpy"	"thin"	
"2TEA6X3YOCCF6ZHPO8GTQNIIY7ZPQ3"	"20ASTLB3L0FBPWA8FU5JZEVE5SUJV7"	"incentives"	"awards"	"bribes"	"awards"	"benefits"	"rewards"	"rewards"	"rewards"	"goals"	"rewards"	"benefits"	"rewards"	"benefits"	"awards"	"rewards"	"rewards"	"bait"	"rewards"	"bonuses"	"motivations"	"rewards"	"bribes"	"bonuses"	"rewards"	"motivation"	"prizes"	"temptations"	"motivations"	"motives"	"motives"	"rewards"	"bonuses"	"rewards"	"rewards"	"rewards"	"gift"	"rewards"	"bonuses"	"baits"	"rewards"	"rewards"	"payments"	"boost"	"stimulants"	"motives"	"motivations"	"encouragements"	"rewards"	"prizes"	"rewards"	"motivations"	"rewards"	
"2P1HSTLB3L0FH612SMAERREVFEAUI1"	"20ASTLB3L0FBPWA8FU5JZEVE5SUJV7"	"implement"	"tool"	"tool"	"tool"	"tool"	"tool"	"tool"	"tool"	"tool"	"tool"	"tool"	"tool"	"tool"	"tool"	"tool"	"tool"	"tool"	"tool"	"tool"	"tool"	"tool"	"tool"	"tool"	"instrument"	"instrument"	"tool"	"tool"	"instrument"	"tool"	"tool"	"tool"	"tool"	"tool"	"tool"	"tool"	"tool"	"tool"	"tool"	"tool"	"tool"	"item"	"tool"	"device"	"tool"	"tool"	"tool"	"instrument"	"tool"	"instrument"	"tool"	"tool"	"tool"	
"2RCC26DG67D13QNKJVRCWK2JFA67E3"	"20ASTLB3L0FBPWA8FU5JZEVE5SUJV7"	"advocate"	"like"	"cause"	"support"	"endorse"	"promote"	"promote"	"promote"	"support"	"encourage"	"support"	"endorse"	"support"	"apply"	"suggest"	"support"	"support"	"support"	"promote"	"speak"	"for"	"favor"	"support"	"support"	"promote"	"allow"	"suggest"	"promote"	"support"	"suggest"	"want back"	"support"	"support"	"recommend"	"promote"	"promote"	"want"	"promote"	"agree with"	"endorse"	"promote"	"support"	"support"	"support"	"state"	"support"	"promote"	"allow"	"support"	"support"	"support"	"support"	
"2C914IXKO2L9846W0LXXBYOCDOJCB0"	"20ASTLB3L0FBPWA8FU5JZEVE5SUJV7"	"merged"	"combined"	"combined"	"joined"	"mixed"	"turned"	"turned"	"joined"	"combined"	"combined"	"joined"	"joined"	"combined"	"absorbed"	"united"	"converged"	"formed"	"combined"	"formed"	"formed"	"joined"	"joined"	"changed"	"turned"	"became part of"	"combined"	"changed"	"joined"	"changed"	"combined"	"combined"	"joined"	"combined"	"combined"	"combined"	"combined"	"joined"	"grew"	"joined"	"united"	"blended"	"blended"	"turned"	"joined"	"joined"	"joined"	"formed"	"fused"	"joined"	"combined"	"combined"	"combined"	
"2UV2AC9KSSZV3KUA8GLUSQOYHW11JK"	"20ASTLB3L0FBPWA8FU5JZEVE5SUJV7"	"grossing"	"earning"	"making"	"gaining"	"making"	"earning"	"making"	"earning"	"making"	"making"	"making"	"earning"	"earning"	"earning"	"making"	"earning"	"making"	"earning"	"earning"	"making"	"earning"	"earning"	"earning"	"gaining"	"making"	"earning"	"earning"	"totaling"	"making"	"earning"	"making"	"getting"	"earning"	"earning"	"earning"	"making"	"earning"	"making"	"earning"	"bringing"	"making"	"making"	"earning"	"gaining"	"making"	"bringing in"	"making"	"earning"	"gaining"	"making"	"totaling"	"earning"	
"27L9Z0B6UTO6ZR6FW4MRSGPWT5OZOQ"	"20ASTLB3L0FBPWA8FU5JZEVE5SUJV7"	"classified"	"grouped"	"grouped"	"categorized"	"arranged"	"labeled"	"grouped"	"grouped"	"categorized"	"named"	"divided"	"arranged"	"grouped"	"grouped"	"organized"	"named"	"grouped"	"grouped"	"grouped"	"grouped"	"organized"	"separated"	"sorted"	"sorted"	"named"	"grouped"	"defined"	"listed"	"categorized"	"categorized"	"identified"	"grouped"	"described"	"grouped"	"defined"	"called"	"grouped"	"sorted"	"grouped"	"described"	"grouped"	"organized"	"coded"	"arranged"	"categorized"	"sorted"	"organized"	"organized"	"categorized"	"organized"	"sorted"	"grouped"	
"2JYMMEGOOGQSI9Y2ELTSMIUUV9JCC7"	"20ASTLB3L0FBPWA8FU5JZEVE5SUJV7"	"facilitate"	"ease"	"assist"	"ease"	"ease"	"help"	"assist"	"help"	"help"	"help"	"aid"	"assist"	"help"	"expedite"	"ease"	"help"	"aid"	"help"	"start"	"make easier"	"ease"	"help"	"help"	"help"	"help"	"aid"	"complete"	"help"	"ease"	"further"	"help"	"arrange"	"help"	"oversee"	"help"	"aid"	"ease"	"help"	"assist"	"aid"	"help"	"expedite"	"orchestrate"	"help"	"assist in"	"help"	"allow"	"start"	"enable"	"ease"	"escape"	"help"	
"270HPCGJ2D21UQOP1SRJXPSI3TIA4R"	"20ASTLB3L0FBPWA8FU5JZEVE5SUJV7"	"constitute"	"make up"	"make up"	"makes"	"brand"	"make"	"make up"	"are"	"make up"	"make up"	"are"	"form"	"make up"	"compose"	"make up"	"make up"	"make up"	"make up"	"make"	"are"	"are"	"form"	"comprise"	"form"	"are"	"controlled"	"complete"	"allow"	"are"	"embody"	"are"	"make up"	"are"	"are"	"make"	"include"	"form"	"make"	"make up"	"contain"	"are"	"frame"	"form"	"make up"	"frame"	"create"	"form"	"form"	"form"	"make up"	"are"	"make up"	
"25F7H57DZKPFKR60HS4MA5L8JI72CP"	"20ASTLB3L0FBPWA8FU5JZEVE5SUJV7"	"snout"	"nose"	"nose"	"nose"	"nose"	"nose"	"nose"	"nose"	"nose"	"nose"	"nose"	"nose"	"nose"	"nose"	"nose"	"nose"	"nose"	"nose"	"nose"	"nose"	"nose"	"nose"	"nose"	"nose"	"nose"	"nose"	"nose"	"nose"	"nose"	"nose"	"nose"	"nose"	"nose"	"nose"	"nose"	"nose"	"nose"	"nose"	"nose"	"nose"	"nose"	"nose"	"nose"	"nose"	"nose"	"nose"	"nose"	"nose"	"nose"	"nose"	"nose"	"nose"	
"2U0PDOBDDP8PPJCEHOZXUB3Q4IJ2DP"	"20ASTLB3L0FBPWA8FU5JZEVE5SUJV7"	"extremity"	"part"	"outside"	"end"	"border"	"end"	"end"	"edge"	"tip"	"portion"	"leg"	"border"	"part"	"end"	"part"	"end"	"end"	"side"	"arm"	"end"	"end"	"point"	"border"	"edge"	"boundary"	"end"	"limb"	"sides"	"area"	"border"	"end"	"end"	"section"	"edge"	"edge"	"end"	"edge"	"tip"	"part"	"end"	"edge"	"end"	"border"	"part"	"boundary"	"part"	"depth"	"edge"	"part"	"farthest"	"border"	"end"	
"2YIJPPSI2KYEV8K9BGBLU6WJ4XTKQX"	"20ASTLB3L0FBPWA8FU5JZEVE5SUJV7"	"aspire"	"hope"	"dream"	"strive"	"desire"	"hope"	"hope"	"hope"	"dream"	"hope"	"hope"	"dream"	"aim"	"strive"	"hope"	"hope"	"aim"	"aim"	"hope"	"strive"	"intend"	"hope"	"seek"	"seek"	"wish"	"hope"	"hopes"	"try"	"dream"	"hope"	"try"	"hope"	"want"	"hope"	"dream"	"crave"	"want"	"plan"	"dream"	"hope"	"want"	"try"	"try"	"hope"	"hope"	"try"	"hope"	"hope"	"hope"	"try"	"hope"	"hope"	
"2CIFK0COK2JE79Z9OV0LZW6O0JVKRY"	"20ASTLB3L0FBPWA8FU5JZEVE5SUJV7"	"sophisticated"	"complex"	"advanced"	"complicated"	"refined"	"advanced"	"high"	"tech"	"advanced"	"mature"	"sharp"	"fancy"	"fancy"	"complex"	"complex"	"complex"	"advanced"	"complex"	"smart"	"refined"	"complicated"	"complex"	"fancy"	"smart"	"complex"	"advanced"	"various"	"advanced"	"complex"	"experienced"	"complex"	"better"	"complex"	"many"	"elegant"	"fancy"	"exceptional"	"complex"	"smart"	"smart"	"complicated"	"exceptional"	"advanced"	"cultured"	"cultured"	"special"	"advanced"	"many"	"enhanced"	"sharp"	"fancy"	"complicated"	"complex"
"214T6YTWX4H3NPHV8O09OI6IK0UX2L"	"20ASTLB3L0FBPWA8FU5JZEVE5SUJV7"	"spanned"	"covered"	"stretched over"	"included"	"covered"	"lasted"	"lasted"	"covered"	"covered"	"lasted"	"covered"	"covered"	"lasted"	"lasted"	"stretched"	"lasted"	"bridged"	"lasted"	"lasted"	"extended"	"ranged"	"covered"	"covered"	"lasted"	"ranged"	"covered"	"lasted"	"lasted"	"lasted"	"covered"	"covered"	"lasted"	"was"	"lasted"	"connected"	"used"	"covered"	"involved"	"was between"	"lasted"	"covered"	"covered"	"covers"	"covered"	"lasted from"	"extended"	"covered"	"covered"	"lasted"	"lasted"	"covered"	"covered"	
"2SOBFMFFOYYIZOL3JO7E0C0RY59MZY"	"20ASTLB3L0FBPWA8FU5JZEVE5SUJV7"	"elude"	"escape"	"escape"	"escape"	"escape"	"lose"	"escape"	"escape"	"hide from"	"escape"	"evade"	"escape"	"escape"	"evade"	"outrun"	"avoid"	"dodge"	"escape"	"escape"	"puzzle"	"hide from"	"avoid"	"avoid"	"avoid"	"hide from"	"avoid"	"avoid"	"hide from"	"avoid"	"avoid"	"avoid"	"avoid"	"run from"	"avoid"	"evade"	"avoid"	"escape"	"escape"	"avoid"	"run from"	"ditch"	"avoid"	"escape"	"trick"	"evade"	"escape"	"escape"	"avoid"	"dodge"	"avoid"	"avoid"	"avoid"	
"2I86SVQ8H88MWHY59Z2VKI1RY6N6PN"	"20ASTLB3L0FBPWA8FU5JZEVE5SUJV7"	"encompasses"	"makes up"	"covers"	"encircles"	"covers"	"covers"	"fills"	"includes"	"surrounds"	"covers"	"covers"	"includes"	"includes"	"surrounds"	"covers"	"is filled by"	"includes"	"surrounds"	"surrounds"	"contains"	"makes up"	"forms"	"covers"	"includes"	"contains"	"makes up"	"spans"	"covers"	"occupies"	"includes"	"is"	"surrounds"	"surrounds"	"contains"	"place"	"includes"	"surrounds"	"surrounds"	"includes"	"includes"	"surrounds"	"includes"	"takes up"	"includes"	"surrounds"	"surrounds"	"envelopes"	"includes"	"contains"	"circles"	"covers"	"includes"	
"29D7WGKCCVLL9Z2N7X8AXQ4CAWA4UX"	"20ASTLB3L0FBPWA8FU5JZEVE5SUJV7"	"comprises"	"makes up"	"has"	"makes"	"contains"	"contains"	"is made of"	"includes"	"contains"	"includes"	"includes"	"made"	"has"	"makes up"	"has"	"makes up"	"makes up"	"contains"	"makes up"	"includes"	"contains"	"makes"	"includes"	"is"	"consists of"	"is made up of"	"is"	"is made of"	"has"	"includes"	"involves"	"include"	"has"	"includes"	"contains"	"includes"	"contains"	"contains"	"harden"	"has"	"includes"	"includes"	"has"	"makes"	"produces"	"contains"	"makes"	"includes"	"includes"	"contains"	"includes"	"includes"	
"27E618N46UXFI0WP1N5TVDSNUT1PR4"	"20ASTLB3L0FBPWA8FU5JZEVE5SUJV7"	"binds"	"adheres"	"combines"	"ties"	"attaches"	"attaches"	"holds"	"holds"	"sticks"	"sticks"	"attaches"	"attaches"	"links"	"attaches"	"ties"	"sticks"	"adheres"	"attaches"	"attaches"	"attaches"	"connects"	"sticks"	"sticks"	"connects"	"attaches"	"attaches"	"connects"	"attaches"	"sticks"	"connects"	"attaches"	"connects"	"adheres"	"attaches"	"bonds"	"connects"	"adheres"	"sticks"	"sticks"	"attaches"	"connects"	"connects"	"sticks"	"attaches"	"joins"	"connects"	"joins"	"clings"	"holds"	"joins"	"sticks"	"attaches"	
"2787Q67051QKIAJL64HC9XMGJ9EEYA"	"20ASTLB3L0FBPWA8FU5JZEVE5SUJV7"	"inscribed"	"put"	"engraved"	"registered"	"wrote"	"wrote"	"listed"	"etched"	"wrote"	"wrote"	"endorsed"	"inducted"	"dubbed"	"added"	"included"	"named"	"wrote"	"named"	"registered"	"etched"	"marked"	"wrote"	"marked"	"put"	"etched"	"listed"	"registered"	"recorded"	"added"	"added"	"recorded"	"recorded"	"wrote"	"labeled"	"dedicated"	"entered"	"wrote"	"carved"	"marked"	"designated"	"wrote"	"named"	"carved"	"registered"	"written"	"endorsed"	"wrote"	"wrote"	"wrote"	"added"	"recorded"	"wrote"	
"2KXDEY5COW0LMERNCNIFTC6VO3J4VM"	"20ASTLB3L0FBPWA8FU5JZEVE5SUJV7"	"affirms"	"says"	"confirms"	"confirms"	"confirms"	"repeats"	"declares"	"agrees"	"states"	"promises"	"agrees"	"confirms"	"agrees"	"says"	"decides"	"confirms"	"confirms"	"assures"	"guarantees"	"support"	"agrees"	"swears"	"announces"	"validates"	"confirms"	"says"	"again"	"states"	"says"	"confirms"	"says"	"acknowledges"	"declares"	"agrees"	"declares"	"agrees"	"agrees"	"agrees"	"confirms"	"states"	"confirms"	"promises"	"confirms"	"attests"	"asserts"	"promises"	"agrees"	"agrees"	"states"	"agrees"	"swears"	"declares"	"agrees"
"27A1CSTMOFXRJFW2GC5YLNXJGVKPSS"	"20ASTLB3L0FBPWA8FU5JZEVE5SUJV7"	"envisioned"	"imagined"	"imagined"	"saw"	"pictured"	"visualized"	"imagined"	"imagined"	"imagined"	"imagined"	"pictured"	"pictured"	"dreamed"	"dreamed of"	"conceptualized"	"imagined"	"imagined"	"saw"	"imagined"	"viewed"	"imagined"	"imagined"	"imagined"	"saw"	"imagined"	"imagined"	"imagined"	"saw"	"saw"	"saw"	"imagined"	"dreamed of"	"pictured"	"imagined"	"saw"	"foresaw"	"imagined"	"saw"	"dreamed of"	"thought up"	"dreamed of"	"imagined"	"imagined"	"saw"	"imagined"	"imagined"	"pictured"	"imagined"	"dreamed"	"dreamed"	"imagined"	"imagined"	
"298V66RLPHIT94NGE6BIE2NJRBL7FL"	"20ASTLB3L0FBPWA8FU5JZEVE5SUJV7"	"erratic"	"varied"	"wavering"	"unpredictable"	"unpredictable"	"unpredictable"	"unpredictable"	"chaotic"	"unpredictable"	"varied"	"crazy"	"unpredictable"	"unpredictable"	"unpredictable"	"wild"	"wild"	"unpredictable"	"unpredictable"	"unpredictable"	"odd"	"unusual"	"chaotic"	"random"	"unpredictable"	"crazy"	"unpredictable"	"unpredictable"	"unpredictable"	"crazy"	"unstable"	"irregular"	"wandering"	"strange"	"unpredictable"	"unstable"	"crazy"	"uneven"	"unpredictable"	"unpredictable"	"unpredictable"	"unpredictable"	"irregular"	"crazy"	"unpredictable"	"unusual"	"oddball"	"unpredictable"	"uncertain"	"unusual"	"not"	"foreseen"	"unpredictable"	"unpredictable"
"2H1PPSI2KYEPRFHR9VCMEWJ3PJ0RL8"	"20ASTLB3L0FBPWA8FU5JZEVE5SUJV7"	"altering"	"changing"	"changing"	"changing"	"changing"	"changing"	"changing"	"changing"	"changing"	"changing"	"changing"	"changing"	"changing"	"changing"	"changing"	"changing"	"changing"	"changing"	"changing"	"changing"	"changing"	"changing"	"changing"	"changing"	"changing"	"changing"	"changing"	"changing"	"changing"	"changing"	"changing"	"changing"	"changing"	"changing"	"changing"	"changing"	"changing"	"changing"	"changing"	"changing"	"changing"	"changing"	"changing"	"changing"	"changing"	"changing"	"changing"	"changing"	"changing"	"changing"	"changing"	"changing"	
"20BUHYW2GTP9XXZC97D1E9YSPOQRMA"	"20ASTLB3L0FBPWA8FU5JZEVE5SUJV7"	"adopted"	"signed"	"accepted"	"embraced"	"assumed"	"accepted"	"decided"	"on"	"accepted"	"signed"	"used"	"accepted"	"initiated"	"approved"	"accepted"	"accepted"	"used"	"chosen"	"accepted"	"accepted"	"accepted"	"selected"	"signed"	"approved"	"signed"	"accepted"	"accepted"	"accepted"	"supported"	"started"	"passed"	"selected"	"accepted"	"used"	"chosen"	"accepted"	"ratified"	"chosen"	"accepted"	"accepted"	"accepted"	"started"	"selected"	"accepted"	"chosen"	"embraced"	"embraced"	"approved"	"accepted"	"used"	"instated"	"passed"	"accepted"
"2CEAVKI62NJQ8OZM3K0QP6BKMLEKSM"	"20ASTLB3L0FBPWA8FU5JZEVE5SUJV7"	"replenish"	"refill"	"resupply"	"refill"	"refill"	"refill"	"refill"	"refill"	"resupply"	"refill"	"refill"	"refill"	"refill"	"refill"	"renew"	"refill"	"refill"	"refill"	"refill"	"refill"	"refill"	"refill"	"refill"	"refill"	"refill"	"refill"	"refill"	"refill"	"re-up"	"refill"	"refill"	"fill"	"refill"	"refill"	"refill"	"reload"	"refill"	"refill"	"refill"	"refill"	"refill"	"refill"	"refill"	"refill"	"fill"	"refill"	"replace"	"refill"	"refill"	"gather"	"refill"	"refill"	
"2ZS0RYNJ92NJQ9SPFXAT2HYW3PDA5W"	"20ASTLB3L0FBPWA8FU5JZEVE5SUJV7"	"prone"	"likely"	"incline"	"apt"	"subject"	"liable"	"able"	"likely"	"likely"	"liable"	"inclined"	"likely"	"vulnerable"	"likely"	"open"	"likely"	"likely"	"probable"	"likely"	"inclined"	"likely"	"likely"	"vulnerable"	"likely"	"susceptible"	"likely"	"likely"	"likely"	"subject"	"disposed"	"likely"	"vulnerable"	"likely"	"likely"	"susceptible"	"apt"	"liable"	"susceptible"	"subject"	"likely"	"apt"	"easier"	"disposed"	"likely"	"likely"	"likely"	"likely"	"susceptible"	"likely"	"likely"	"likely"	"likely"	
"289LFQ0ONNVRNOC1SK5GZB76O4SKTB"	"20ASTLB3L0FBPWA8FU5JZEVE5SUJV7"	"eccentric"	"odd"	"unique"	"varying"	"unusual"	"odd"	"different"	"odd"	"unusual"	"bizarre"	"odd"	"fancy"	"unusual"	"strange"	"different"	"different"	"odd"	"strange"	"abnormal"	"uncommon"	"weird"	"uncommon"	"unique"	"odd"	"strange"	"crazy"	"odd"	"unusual"	"crazy"	"unusual"	"unusual"	"quirky"	"odd"	"different"	"odd"	"unusual"	"unique"	"odd"	"unusual"	"odd"	"wild"	"unique"	"wacky"	"fancy"	"strange"	"unique"	"bizarre"	"unusual"	"strange"	"odd"	"weird"	"odd"	
"2LTLYHVI44OS87DECOEE7SBAQEUX3W"	"20ASTLB3L0FBPWA8FU5JZEVE5SUJV7"	"accomplish"	"finish"	"achieve"	"do"	"complete"	"achieve"	"serve"	"complete"	"fulfill"	"finish"	"achieve"	"fulfill"	"do"	"complete"	"complete"	"achieve"	"achieve"	"complete"	"achieve"	"finish"	"achieve"	"achieve"	"complete"	"finish"	"achieve"	"make"	"complete"	"achieve"	"serve"	"complete"	"complete"	"reach"	"achieve"	"complete"	"fulfill"	"achieve"	"finis"	"carry"	"out"	"achieve"	"attain"	"fulfill"	"achieve"	"reach"	"achieve"	"achieve"	"fulfill"	"fulfill"	"achieve"	"achieve"	"do"	"achieve"	"achieve"
"243VWJ5OPB0Y13RS2XNBFEP9VCL4WW"	"20ASTLB3L0FBPWA8FU5JZEVE5SUJV7"	"efficacious"	"ever"	"present"	"showy"	"useful"	"effective"	"capable"	"effective"	"strong"	"valuable"	"effective"	"powerful"	"effective"	"effective"	"effective"	"active"	"capable"	"efficient"	"helpful"	"capable"	"powerful"	"effective"	"generous"	"powerful"	"effective"	"power"	"kindness"	"effective"	"capable"	"effective"	"capable"	"powerful"	"effect"	"active"	"active"	"efficient"	"effective"	"active"	"effective"	"successful"	"potent"	"effective"	"effective"	"productive"	"influential"	"impelling"	"powerful"	"productive"	"strong"	"active"	"effective"	"productive"	"effective"
"25RZ6KW4ZMAZN4JBPQH0WNNVSQL7GK"	"20ASTLB3L0FBPWA8FU5JZEVE5SUJV7"	"notorious"	"infamous"	"wicked"	"famous"	"well"	"known"	"famous"	"infamous"	"famous"	"famous"	"well-known"	"infamous"	"famous"	"feared"	"infamous"	"mean"	"bad"	"famous"	"infamous"	"infamous"	"famous"	"infamous"	"infamous"	"known"	"famous"	"infamous"	"legendary"	"shameful"	"mean"	"popular"	"infamous"	"evil"	"flagrant"	"infamous"	"famous"	"infamous"	"famous"	"evil"	"infamous"	"famous"	"infamous"	"infamous"	"infamous"	"infamous"	"infamous"	"well-known"	"famous"	"evil"	"infamous"	"ill-famed"	"infamous"	"infamous"	"infamous"
"2PFMB3Q39Z0BCHL8A4VE3STVSTZUJD"	"20ASTLB3L0FBPWA8FU5JZEVE5SUJV7"	"dispute"	"argument"	"fight"	"problem"	"disagreement"	"disagreement"	"argument"	"argument"	"argument"	"argument"	"disagreement"	"fight"	"trouble"	"argument"	"disagreement"	"fight"	"argument"	"disagreement"	"fight"	"argument"	"fight"	"disagreement"	"argument"	"confrontation"	"issue"	"disagreement"	"fight"	"argument"	"fight"	"disagreement"	"gain"	"argument"	"argument"	"fight"	"disagreement"	"differences"	"argument"	"battle"	"fight"	"argument"	"argument"	"debate"	"debate"	"conflict"	"argument"	"complaint"	"conflict"	"fight"	"battle"	"fight"	"argument"	"argument"	
"2ZRNZW6HEZ6OKRIGB4Z6HGUM3AKZP7"	"20ASTLB3L0FBPWA8FU5JZEVE5SUJV7"	"evade"	"escape"	"escape"	"avoid"	"avoid"	"avoid"	"avoid"	"avoid"	"escape"	"escape"	"avoid"	"elude"	"avoid"	"avoid"	"avoid"	"escape"	"avoid"	"escape"	"not"	"be"	"escape"	"avoid"	"dodge"	"avoid"	"escape"	"escape"	"avoid"	"escape"	"avoid"	"avoid"	"avoid"	"escape"	"avoid"	"dodge"	"avoid"	"avoid"	"avoid"	"avoid"	"dodge"	"avoid"	"avoid"	"elude"	"escape"	"avoid"	"escape"	"escape"	"escape"	"escape"	"escape"	"avoid"	"avoid"	"avoid"	"avoid"
"2RB2D5NQYN5F9DS3KGKYUNCWZKOA6C"	"20ASTLB3L0FBPWA8FU5JZEVE5SUJV7"	"hamlet"	"small"	"village"	"neighborhood"	"village"	"town"	"town"	"village"	"village"	"suburb"	"village"	"village"	"town"	"village"	"house"	"village"	"community"	"town"	"small village"	"village"	"town"	"village"	"small town"	"village"	"town"	"suburb"	"community"	"village"	"place"	"village"	"community"	"division"	"village"	"community"	"village"	"village"	"village"	"town"	"village"	"district"	"community"	"village"	"town"	"village"	"village"	"village"	"town"	"suburb"	"village"	"town"	"community"	"village"	"village"
"2ADOK5UFJ51YDD683QPQ01CSUV8A7B"	"20ASTLB3L0FBPWA8FU5JZEVE5SUJV7"	"alternate"	"varied"	"other"	"different"	"opposite"	"different"	"different"	"different"	"different"	"different"	"imaginary"	"different"	"different"	"different"	"another"	"separate"	"different"	"different"	"different"	"different"	"other"	"different"	"different"	"variant"	"mirror"	"different"	"different"	"other"	"another"	"different"	"another"	"different"	"different"	"different"	"another"	"different"	"different"	"different"	"other"	"other"	"other"	"different"	"different"	"different"	"different"	"parallel"	"recurrent"	"separate"	"parallel"	"different"	"opposite"	"different"	
"23K5L8I9NZW6N1RQSPVQ47T87IZKU2"	"20ASTLB3L0FBPWA8FU5JZEVE5SUJV7"	"suitable"	"appropriate"	"appropriate"	"good"	"okay"	"applicable"	"acceptable"	"acceptable"	"good"	"appropriate"	"fitting"	"appropriate"	"good"	"acceptable"	"useful"	"usable"	"acceptable"	"useful"	"useful"	"appropriate"	"good"	"fitting"	"okay"	"appropriate"	"acceptable"	"fitting"	"ideal"	"good"	"acceptable"	"excellent"	"fit"	"usable"	"okay"	"useful"	"appropriate"	"ideal"	"good"	"appropriate"	"convenient"	"okay"	"apt"	"acceptable"	"appropriate"	"fit"	"good"	"acceptable"	"acceptable"	"appropriate"	"perfect"	"useful"	"apt"	"appropriate"	
"2E4B3Q39Z0B60GGQXF5V0TVRLP8KVR"	"20ASTLB3L0FBPWA8FU5JZEVE5SUJV7"	"ailing"	"ill"	"sick"	"sickly"	"ill"	"sick"	"sick"	"sick"	"sick"	"dying"	"sick"	"sick"	"sick"	"sick"	"distressed"	"sick"	"ill"	"sick"	"sick"	"sick"	"sick"	"sick"	"sick"	"sick"	"sick"	"sick"	"sick"	"sickening"	"sick"	"suffering"	"sick"	"suffering"	"sick"	"ill"	"sick"	"sick"	"sick"	"sick"	"sick"	"sick"	"sick"	"ill"	"dying"	"dying"	"sick"	"sick"	"sickly"	"sickly"	"sick"	"sick"	"sick"	"sick"	
"27C8Y1THV8ERFL0DRV9M7SM5LO0N07"	"20ASTLB3L0FBPWA8FU5JZEVE5SUJV7"	"obstacles"	"blockages"	"barriers"	"hurdles"	"hurdle"	"barriers"	"problems"	"obstructions"	"problems"	"setbacks"	"problems"	"problems"	"problems"	"blocks"	"blockages"	"blocks"	"challenges"	"problems"	"interference"	"distractions"	"barriers"	"bumps"	"difficulty"	"hoops"	"difficulties"	"dangers"	"troubles"	"difficulties"	"hurdles"	"problems"	"problems"	"hardships"	"lows"	"issues"	"difficulties"	"hurdles"	"barriers"	"problems"	"issues"	"challenges"	"blocks"	"hindrances"	"challenges"	"problems"	"problems"	"items"	"problems"	"barrier"	"barriers"	"hurdles"	"problems"	"problems"	
"2PT727M0IGFKN0TQ2QJVN4VIP3IEZ1"	"20ASTLB3L0FBPWA8FU5JZEVE5SUJV7"	"emigrated"	"moved"	"moved"	"moved"	"moved"	"moved"	"moved"	"moved"	"moved abroad"	"moved"	"moved"	"moved"	"moved"	"came"	"moved"	"moved"	"moved"	"moved"	"moved"	"moved"	"traveled"	"traveled"	"moved"	"came"	"moved"	"moved"	"moved"	"moved"	"moved"	"moved"	"moved"	"moved"	"moved"	"moved"	"moved"	"moved"	"moved"	"came"	"moved"	"moved"	"moved"	"moved"	"moved"	"migrated"	"moved"	"left"	"moved"	"departed"	"moved"	"moved"	"migrated"	"moved"	
"2OM6OQ1SNQQ7WTZK9CHKKNR13296QE"	"20ASTLB3L0FBPWA8FU5JZEVE5SUJV7"	"fundamental"	"important"	"important"	"basic"	"money"	"basic"	"important"	"important"	"basic"	"basic"	"central"	"basic"	"major"	"primary"	"basic"	"vital"	"vital"	"primary"	"important"	"basic"	"basic"	"basic"	"basic"	"important"	"major"	"important"	"critical"	"basic"	"core"	"basic"	"basic"	"basic"	"primary"	"main"	"basic"	"basic"	"basic"	"basic"	"basic"	"crucial"	"major"	"basic"	"basic"	"basic"	"basic"	"basic"	"basic"	"core"	"essential"	"principal"	"important"	"basic"	
"235CWYB49F9SYF9H5CAOVST5IEYPTH"	"20ASTLB3L0FBPWA8FU5JZEVE5SUJV7"	"restore"	"remodel"	"redo"	"fix"	"rebuild"	"fix"	"rebuild"	"fix"	"bring back"	"rebuild"	"fix"	"fix"	"save"	"rebuild"	"repair"	"rebuild"	"fix"	"rebuild"	"repair"	"renovate"	"rebuild"	"fix"	"fix"	"rebuild"	"fix"	"repair"	"rebuild"	"remake"	"fix"	"revive"	"fix"	"fix"	"fix"	"fix"	"rebuild"	"repair"	"fix"	"bring back"	"repair"	"fix"	"rebuild"	"fix"	"rebuild"	"fix"	"rebuild"	"fix"	"fix"	"rebuild"	"fix"	"rebuild"	"rebuild"	"fix"	
"23K5L8I9NZW6N1RQSPVQ47T87IZUKC"	"20ASTLB3L0FBPWA8FU5JZEVE5SUJV7"	"juvenile"	"childish"	"young"	"young"	"young"	"young"	"under-age"	"child"	"young"	"young"	"young"	"young"	"young"	"young"	"young"	"child"	"young"	"young"	"young"	"kid"	"younger"	"young"	"child"	"young"	"young"	"young"	"young"	"young"	"underage"	"child"	"young"	"young"	"underage"	"younger"	"young"	"young"	"young"	"child"	"youth"	"children"	"young"	"young"	"young"	"adolescent"	"young"	"underage"	"adolescent"	"young"	"child"	"young"	"minor"	"young"	
"283FQ0ONNVRH7798DP7RJ76NWI4ULF"	"20ASTLB3L0FBPWA8FU5JZEVE5SUJV7"	"perspective"	"viewpoint"	"view"	"angle"	"view"	"point-of-view"	"view"	"view"	"outlook"	"view"	"view"	"viewpoint"	"point-of-view"	"view"	"view"	"view"	"view"	"viewpoint"	"view"	"view"	"viewpoint"	"view"	"view"	"viewpoint"	"view"	"view"	"view"	"view"	"view"	"viewpoint"	"viewpoint"	"view"	"view"	"view"	"view"	"angle"	"view"	"viewpoint"	"view"	"point-of-view"	"view"	"view"	"outlook"	"viewpoint"	"angle"	"view"	"view"	"point-of-view"	"view"	"view"	"view"	"view"	
"2RDKI62NJQ21DPRTD186JKLCWNUUMH"	"20ASTLB3L0FBPWA8FU5JZEVE5SUJV7"	"reconstituted"	"reinstated"	"rebuilt"	"remade"	"remade"	"restored"	"formed"	"remade"	"reformed"	"remade"	"reformed"	"fixed"	"redeveloped"	"restarted"	"restored"	"reformed"	"reestablished"	"copied"	"reestablished"	"rebuilt"	"rebuilt"	"formed"	"remade"	"reformed"	"built"	"remade"	"rebuilt"	"revived"	"redone"	"renewed"	"reformed"	"rebuilt"	"recomposed"	"rebuilt"	"rewritten"	"reworked"	"reconstructed"	"rebuilt"	"created"	"reorganized"	"formed"	"allowed"	"recreated"	"recreated"	"rebuilt"	"rebuilt"	"reorganized"	"remade"	"restarted"	"recreated"	"restored"	"rebuilt"	"remade"
"255NVRH1KHO9K3JVBHEVHLKW866ZQY"	"20ASTLB3L0FBPWA8FU5JZEVE5SUJV7"	"tributaries"	"streams"	"branches"	"riverlets"	"branches"	"adjacent"	"smaller rivers"	"branches"	"channels"	"streams"	"branches"	"rivers"	"branches"	"branches"	"smaller rivers"	"rivers"	"branches"	"streams"	"streams"	"branches"	"smaller rivers"	"brooks"	"ditches"	"streams"	"children creeks"	"branches"	"streams"	"branches"	"streams"	"branches"	"streams"	"streams"	"streams"	"branches"	"streams"	"rivers"	"channels"	"rivers"	"streams"	"streams"	"offshoots"	"streams"	"creeks"	"streams"	"branches"	"branches"	"branches"	"streams"	"streams"	"rivers"	"branches"	"streams"	
"2J5JQ2172Z99W4YVOW3VMBU14S8ZRZ"	"20ASTLB3L0FBPWA8FU5JZEVE5SUJV7"	"crucial"	"essential"	"important"	"critical"	"important"	"important"	"important"	"vital"	"important"	"important"	"essential"	"vital"	"important"	"essential"	"essential"	"important"	"important"	"important"	"vital"	"vital"	"key"	"important"	"necessary"	"important"	"important"	"important"	"important"	"important"	"needed"	"important"	"necessary"	"important"	"necessary"	"important"	"important"	"important"	"important"	"necessary"	"important"	"important"	"essential"	"important"	"important"	"critical"	"important"	"necessary"	"vital"	"important"	"vital"	"important"	"important"	"important"	
"2AGMNCWYB49FFFKCL8S1RONSUE0RNA"	"20ASTLB3L0FBPWA8FU5JZEVE5SUJV7"	"composed"	"written"	"made"	"created"	"written"	"written"	"written"	"written"	"written"	"written"	"collected"	"written"	"written"	"created"	"written"	"written"	"written"	"written"	"written"	"written"	"written"	"written"	"written"	"written"	"written"	"made"	"written"	"written"	"created"	"written"	"written"	"written"	"written"	"written"	"written"	"written"	"written"	"made"	"written"	"written"	"made"	"constructed"	"written"	"written"	"created"	"written"	"written"	"written"	"written"	"written"	"made"	"written"	
"28J4IXKO2L92N14GEHO36OCCG9VCD7"	"20ASTLB3L0FBPWA8FU5JZEVE5SUJV7"	"lavish"	"extravagant"	"extravagant"	"rich"	"rich"	"fancy"	"complicated"	"fancy"	"expensive"	"plentiful"	"fancy"	"elaborate"	"flamboyant"	"expensive"	"special"	"fancy"	"pretty"	"fancy"	"elaborate"	"fancy"	"expensive"	"fancy"	"impressive"	"garish"	"fancy"	"fancy"	"nice"	"plentiful"	"extravagant"	"impressive"	"generous"	"wild"	"rich"	"excessive"	"generous"	"big"	"detailed"	"gaudy"	"complex"	"fancy"	"splendid"	"fancy"	"fancy"	"rich"	"grand"	"lively"	"fancy"	"extensive"	"extravagant"	"luxurious"	"lush"	"fancy"	
"2YATLB3L0FBJF5GVNPARMVE5SYAKW1"	"20ASTLB3L0FBPWA8FU5JZEVE5SUJV7"	"demise"	"fall"	"death"	"breakup"	"death"	"breakup"	"breakup"	"death"	"end"	"death"	"fall"	"fall"	"ended"	"death"	"end"	"downfall"	"fall"	"death"	"failure"	"death"	"breakup"	"breakup"	"breakup"	"breakup"	"end"	"end"	"downfall"	"death"	"death"	"breakup"	"breakup"	"failure"	"fall"	"destruction"	"fall"	"end"	"fate"	"death"	"fall"	"fall"	"downfall"	"downfall"	"breakup"	"downfall"	"failure"	"ending"	"downfall"	"decline"	"end"	"crumble"	"death"	"death"	
"2T1011K274J7F7IGACZNC6UXGLWCE0"	"20ASTLB3L0FBPWA8FU5JZEVE5SUJV7"	"vowed"	"promised"	"promised"	"promised"	"promised"	"promised"	"promised"	"promised"	"promised"	"promised"	"pledged"	"promised"	"promised"	"promised"	"promised"	"promised"	"swore"	"promised"	"promised"	"declared"	"pledged"	"swore"	"promised"	"promised"	"assured"	"assured"	"promised"	"promised"	"promised"	"promised"	"promised"	"promised"	"promised"	"promised"	"promised"	"promised"	"promised"	"promised"	"promised"	"swore"	"promised"	"promised"	"promised"	"said"	"promised"	"promised"	"promised"	"promised"	"promised"	"promised"	"promised"	"promised"	
"24SB6BFMFFOY45LLXU6DOESC10GKXU"	"20ASTLB3L0FBPWA8FU5JZEVE5SUJV7"	"resembled"	"match"	"seemed like"	"match"	"looked like"	"duplicate"	"looked like"	"looked like"	"looked like"	"looked like"	"looked like"	"mimicked"	"mirrored"	"looked like"	"looked like"	"mirror"	"looked like"	"were like"	"matched"	"looked like"	"looked like"	"matched"	"looked like"	"looked like"	"looked like"	"looked like"	"were"	"appear like"	"looked like"	"emulated"	"looked like"	"looked like"	"match"	"looked like"	"looked like"	"echoed"	"looked like"	"mirrored"	"matched"	"mirrored"	"appeared"	"mirrored"	"matching"	"looked like"	"looked like"	"mirrored"	"matched"	"doubled"	"features"	"looked like"	"looked like"	"looked like"	
"280LKH1Q6SVQE40SQ1L6T5OBWL11KJ"	"20ASTLB3L0FBPWA8FU5JZEVE5SUJV7"	"foster"	"support"	"accommodate"	"promote"	"care"	"encourage"	"previous"	"encourage"	"adopt"	"support"	"encourage"	"grow"	"advance"	"support"	"uphold"	"nurture"	"cultivate"	"support"	"grow"	"protect"	"raise"	"promote"	"encourage"	"support"	"encourage"	"nurture"	"serve"	"support"	"help"	"promote"	"support"	"nurture"	"support"	"started"	"grow"	"support"	"raise"	"support"	"grow"	"nurture"	"help"	"promote"	"cultivate"	"grow"	"nurture"	"nurture"	"promote"	"promote"	"promote"	"grow"	"support"	"support"	
"2ALDHJHP4BDDQ3WIC2JXHX3G4EQX4H"	"20ASTLB3L0FBPWA8FU5JZEVE5SUJV7"	"infractions"	"crimes"	"errors"	"crimes"	"violations"	"faults"	"crimes"	"crimes"	"disobediences"	"crimes"	"crimes"	"crimes"	"crimes"	"charges"	"offenses"	"crimes"	"violations"	"crimes"	"offenses"	"violations"	"disturbances"	"wrongdoings"	"penalties"	"crimes"	"crimes"	"crimes"	"trouble"	"violations"	"violations"	"laws"	"violations"	"crimes"	"crimes"	"crimes"	"crimes"	"crimes"	"crimes"	"crimes"	"crimes"	"crimes"	"crimes"	"crimes"	"crimes"	"violations"	"offenses"	"violations"	"crimes"	"violations"	"vices"	"crimes"	"rules"	"crimes"	
"22M2J1LY58B78UEKMR6KPD16ZOB6RF"	"20ASTLB3L0FBPWA8FU5JZEVE5SUJV7"	"accommodate"	"hold"	"hold"	"house"	"support"	"hold"	"fit"	"house"	"hold"	"hold"	"holds"	"aid"	"hold"	"house"	"house"	"hold"	"hold"	"serve"	"house"	"hold"	"gather"	"house"	"hold"	"hold"	"hold"	"hold"	"house"	"aid"	"fit"	"hold"	"provide for"	"accept"	"support"	"hold"	"accept"	"hold"	"contain"	"hold"	"hold"	"hold"	"hold"	"house"	"house"	"aid"	"hold"	"lodge"	"fit"	"shelter"	"hold"	"host"	"hold"	"hold"	
"2CZVKCJ011K2DRBRDVHWE18N5FEA8Y"	"20ASTLB3L0FBPWA8FU5JZEVE5SUJV7"	"opted"	"voted"	"voted"	"chose"	"voted"	"choose"	"elected"	"chose"	"voted"	"voted"	"decided"	"chose"	"voted"	"selected"	"chose"	"chose"	"went"	"decided"	"voted"	"voted"	"voted"	"marked"	"settled"	"hoped"	"chose"	"chose"	"decided"	"voted"	"voted"	"voted"	"voted"	"chose"	"chose"	"decided"	"voted"	"chose"	"voted"	"chose"	"decided"	"voted"	"went"	"preferred"	"voted"	"voted"	"chose"	"voted"	"chose"	"voted"	"chose"	"choose"	"went"	"voted"	
"21ICOK2JE1M7V7CTP2N6WZAC1D4UNH"	"20ASTLB3L0FBPWA8FU5JZEVE5SUJV7"	"animosity"	"unfriendliness"	"dislike"	"hatred"	"dislike"	"hatred"	"hostility"	"dislike"	"fighting"	"tension"	"anger"	"hate"	"hatred"	"unfriendliness"	"conflict"	"hostility"	"dislike"	"dislike"	"hatred"	"hatred"	"dislike"	"tension"	"hate"	"hatred"	"hatred"	"dislike"	"dislike"	"hatred"	"hate"	"rivalry"	"hatred"	"hatred"	"tension"	"hatred"	"problem"	"hatred"	"hate"	"hatred"	"tension"	"hatred"	"difference"	"enmity"	"dislike"	"hatred"	"hatred"	"hostility"	"dislike"	"dislike"	"bitterness"	"hatred"	"hate"	"hatred"	
"2ALDHJHP4BDDQ3WIC2JXHX3G4ER4XP"	"20ASTLB3L0FBPWA8FU5JZEVE5SUJV7"	"vocalist"	"singer"	"singer"	"singer"	"singer"	"singer"	"singer"	"singer"	"singer"	"singer"	"singer"	"singer"	"singer"	"singer"	"singer"	"singer"	"singer"	"singer"	"singer"	"singer"	"singer"	"singer"	"singer"	"singer"	"singer"	"singer"	"singer"	"singer"	"singer"	"singer"	"singer"	"singer"	"singer"	"singer"	"singer"	"singer"	"singer"	"singer"	"singer"	"singer"	"singer"	"singer"	"singer"	"singer"	"singer"	"singer"	"singer"	"singer"	"singer"	"singer"	"singer"	"singer"	
"2F8S1CSTMOFXX0KOMNSE6DNXKO5ROP"	"20ASTLB3L0FBPWA8FU5JZEVE5SUJV7"	"forge"	"copy"	"fake"	"copy"	"fake"	"fake"	"fake"	"fake"	"copy"	"fake"	"fake"	"falsify"	"fake"	"copy"	"make"	"fake"	"copy"	"copy"	"fake"	"duplicate"	"fake"	"fake"	"copy"	"recreate"	"copy"	"fake"	"make"	"make"	"copy"	"create"	"fake"	"fake"	"create"	"copy"	"fake"	"copy"	"fake"	"fake"	"create"	"fake"	"copy"	"fake"	"fake"	"fake"	"fake"	"fake"	"fake"	"duplicate"	"fake"	"fake"	"fake"	"fake"	
"22DWJ5OPB0YVMM0IQ727MP9U4ALX5M"	"20ASTLB3L0FBPWA8FU5JZEVE5SUJV7"	"vast"	"wide"	"huge"	"large"	"great"	"great"	"large"	"large"	"large"	"large"	"deep"	"great"	"wide"	"great"	"broad"	"great"	"huge"	"huge"	"wide"	"large"	"large"	"wide"	"large"	"huge"	"voluminous"	"broad"	"huge"	"great"	"wide"	"wide"	"large"	"large"	"great"	"huge"	"large"	"wide"	"large"	"lot of"	"large"	"great"	"great"	"large"	"wide"	"large"	"large"	"lot of"	"great"	"large"	"boundless"	"huge"	"large"	"large"	
"27E618N46UXFI0WP1N5TVDSNUT1RP6"	"20ASTLB3L0FBPWA8FU5JZEVE5SUJV7"	"evidence"	"clues"	"proof"	"proof"	"proof"	"proof"	"proof"	"findings"	"findings"	"findings"	"clues"	"findings"	"finds"	"findings"	"proof"	"facts"	"clues"	"proof"	"signs"	"records"	"findings"	"proof"	"data"	"proof"	"proof"	"indication"	"facts"	"findings"	"proof"	"proof"	"findings"	"proof"	"finds"	"proof"	"clues"	"proof"	"data"	"proof"	"proof"	"discoveries"	"proof"	"proof"	"proof"	"proof"	"findings"	"proof"	"discoveries"	"items"	"verification"	"proof"	"proof"	"proof"	
"2J1E1M7PKK9LXJY83L30CLZXQURZSN"	"20ASTLB3L0FBPWA8FU5JZEVE5SUJV7"	"remarkable"	"real"	"extraordinary"	"incredible"	"amazing"	"notably"	"amazing"	"amazing"	"exceptional"	"amazing"	"unusual"	"amazing"	"impressive"	"awesome"	"amazing"	"incredible"	"great"	"amazing"	"amazing"	"amazing"	"awesome"	"amazing"	"great"	"super"	"amazing"	"amazing"	"amazing"	"incredible"	"incredible"	"amazing"	"amazing"	"great"	"amazing"	"impressive"	"outstanding"	"impressive"	"very"	"extraordinary"	"huge"	"incredible"	"interesting"	"amazing"	"wonderful"	"amazing"	"awesome"	"significant"	"noteworthy"	"interesting"	"beautiful"	"amazing"	"extraordinary"	"amazing"	
"2C8VJ8EBDPGFRTNWT7Q9ZNDWJXEF0S"	"20ASTLB3L0FBPWA8FU5JZEVE5SUJV7"	"transparent"	"clear"	"clear"	"clear"	"clear"	"clear"	"see through"	"clear"	"clear"	"clear"	"clear"	"clear"	"clear"	"clear"	"clear"	"see through"	"clear"	"clear"	"translucent"	"clear"	"clear"	"see through"	"clear"	"clear"	"clear"	"clear"	"clear"	"see through"	"clear"	"clear"	"clear"	"clear"	"colorless"	"see through"	"clear"	"clear"	"see through"	"clear"	"clear"	"clear"	"clear"	"clear"	"clear"	"clear"	"clear"	"clear"	"clear"	"clear"	"clear"	"see through"	"clear"	"clear"	
"2J4IKMN9U8P94Q0D07OIBSUYJVKCTR"	"20ASTLB3L0FBPWA8FU5JZEVE5SUJV7"	"deceased"	"dead"	"dead"	"dead"	"dead"	"dead"	"dead"	"dead"	"dead"	"dead"	"dead"	"dead"	"dead"	"dead"	"dead"	"dead"	"dead"	"dead"	"dead"	"dead"	"dead"	"dead"	"dead"	"dead"	"dead"	"dead"	"dead"	"dead"	"dead"	"dead"	"dead"	"dead"	"dead"	"dead"	"dead"	"dead"	"dead"	"building"	"dead"	"dead"	"dead"	"dead"	"dead"	"dead"	"dead"	"dead"	"dead"	"dead"	"dead"	"dead"	"dead"	"dead"	
"2FILWSBRI8IUHPQEDJAH0TLB4UK2EI"	"20ASTLB3L0FBPWA8FU5JZEVE5SUJV7"	"urges"	"convinces"	"encourages"	"wants"	"tells"	"presses"	"suggest"	"tells"	"convinces"	"warn"	"begs"	"demands"	"forces"	"tells"	"desired"	"spurs"	"begs"	"tells"	"asked"	"provokes"	"suggests"	"wants"	"encourages"	"asks"	"tells"	"asks"	"asks"	"asks"	"encourages"	"desire"	"asked"	"tells"	"begs"	"tells"	"begs"	"begs"	"encourage"	"wants"	"tells"	"asks"	"suggests"	"suggests"	"persuades"	"asks"	"asks"	"begs"	"forces"	"tells"	"begs"	"encourages"	"asks"	"tells"	
"2S3YHVI44OS2Q8MSHY5Z0BAP6KL4YV"	"20ASTLB3L0FBPWA8FU5JZEVE5SUJV7"	"attempting"	"trying"	"throwing"	"trying"	"throwing"	"trying"	"trying"	"trying"	"trying"	"trying"	"trying"	"trying"	"trying"	"trying"	"trying"	"trying"	"trying"	"trying"	"trying"	"trying"	"trying"	"throwing"	"trying"	"trying"	"trying"	"trying"	"trying"	"trying"	"trying"	"throwing"	"trying"	"trying"	"trying"	"trying"	"trying"	"trying"	"making"	"pursuing"	"trying"	"trying"	"trying"	"trying"	"try"	"trying"	"trying"	"trying"	"make"	"trying"	"tried"	"trying"	"pursing"	"trying"	
