"2M5QYN5F3Q0JMSLIQY3W6B49GHYEAL"	"25D2JE1M7PKKF8JGAZQAK04LZYTXQE"	"pieces"	"bit"	"parts"	"portions"	"bits"	"parts"	"articles"	"bits"	"sections"	"portions"	"parts"	"parts"	"parts"	"parts"	"parts"	"parts"	"parts"	"parts"	"dots"	"parts"	"parts"	"parts"	"bits"	"parts"	"sections"	"parts"	"parts"	"parts"	"parts"	"parts"	"bits"	"parts"	"parts"	"parts"	"parts"	"parts"	"parts"	"parts"	"bits"	"bits"	"parts"	"portion"	"parts"	"part"	"bits"	"parts"	"parts"	"parts"	"chunks"	"bits"	"separate part"
"26AI2KYEPLSPDSC5QHNJBOAHRMWOUB"	"25D2JE1M7PKKF8JGAZQAK04LZYTXQE"	"diverted"	"distracted"	"changed"	"sent"	"rerouted"	"forked"	"distracted"	"avoided"	"sidetracked"	"moved"	"redirected"	"deflected"	"switched"	"changed"	"coerced"	"redirected"	"redirected"	"altered"	"changed"	"redirected"	"switched"	"changed course"	"redirect"	"stall"	"redirected"	"turned"	"deflected"	"changed"	"changed"	"changed"	"turned"	"redirect"	"misdirected"	"turn"	"changed"	"changed course"	"changed"	"changed"	"switched"	"alter"	"changed"	"deflected"	"turned"	"digressed"	"channeled"	"distracted"	"misled"	"redirected"	"changed"	"changed"	"rerouted"
"2JNL8I9NZW6HKMY8IFHWFT86AO0LVG"	"25D2JE1M7PKKF8JGAZQAK04LZYTXQE"	"possessor"	"owner"	"owner"	"owner"	"owner"	"owner"	"owner"	"owner"	"owner"	"owner"	"owner"	"owner"	"owner"	"owner"	"owner"	"owner"	"owner"	"holder"	"owner"	"owner"	"owner"	"owner"	"owner"	"owner"	"owner"	"owner"	"owner"	"owner"	"owner"	"owner"	"owner"	"owner"	"owner"	"owner"	"owner"	"owner"	"owner"	"owner"	"owner"	"owner"	"owner"	"owner"	"owner"	"owner"	"owner"	"owner"	"owner"	"owner"	"owner"	"owner"	"owner"
"2PT727M0IGFKN0TQ2QJVN4VIP25ZE7"	"25D2JE1M7PKKF8JGAZQAK04LZYTXQE"	"perils"	"dangers"	"risks"	"risk"	"dangers"	"dangers"	"risks"	"dangers"	"dangers"	"threats"	"dangers"	"dangers"	"dangers"	"risks"	"dangers"	"dangers"	"threats"	"dangers"	"dangers"	"threatens"	"dangers"	"dangers"	"dangers"	"dangers"	"misfortunes"	"dangers"	"risk"	"dangers"	"dangers"	"dangers"	"dangerous"	"dangers"	"dangers"	"risks"	"dangers"	"risks"	"dangers"	"dangers"	"threat"	"danger"	"risks"	"dangers"	"dangers"	"dangers"	"danger"	"dangers"	"dangers"	"dangers"	"dangers"	"dangers"	"risks"
"2L0XKO2L92HEIJ2Q1EPOKCF0DXAFEY"	"25D2JE1M7PKKF8JGAZQAK04LZYTXQE"	"retained"	"kept"	"kept"	"held"	"held"	"kept"	"kept"	"kept"	"held"	"kept"	"kept"	"kept"	"kept"	"kept"	"kept"	"kept"	"contained"	"held"	"kept"	"held"	"stayed"	"kept in"	"kept"	"stayed"	"kept"	"kept"	"positioned"	"kept"	"kept"	"keep"	"absorb"	"kept"	"kept"	"kept"	"captured"	"kept"	"stayed"	"remembered"	"kept"	"stood"	"kept"	"kept"	"kept"	"held"	"kept"	"kept"	"held"	"kept"	"hold"	"kept"	"stayed"
"2GOKW4ZMAZHHXEDZUBFNVVRH2SN9IA"	"25D2JE1M7PKKF8JGAZQAK04LZYTXQE"	"residence"	"home"	"house"	"home"	"house"	"home"	"home"	"home"	"office"	"home"	"home"	"house"	"home"	"home"	"home"	"house"	"home"	"home"	"house"	"capital"	"home"	"home"	"house"	"home"	"home"	"seat"	"home"	"manor"	"home"	"home"	"house"	"home"	"home"	"home"	"house"	"home"	"home"	"home"	"home"	"home"	"house"	"house"	"estate"	"house"	"house"	"home"	"house"	"home"	"home"	"home"	"home"
"27PQ67051QKCTETMX1315MGI13KZFP"	"25D2JE1M7PKKF8JGAZQAK04LZYTXQE"	"procured"	"got"	"got"	"received"	"obtained"	"obtained"	"gotten"	"got"	"obtained"	"got"	"earned"	"obtained"	"obtained"	"got"	"ousted"	"got"	"got"	"obtained"	"obtained"	"earned"	"got"	"grab"	"acquired"	"achieved"	"obtained"	"got"	"got"	"took"	"complete"	"attained"	"received"	"grabbed"	"got"	"acquired"	"obtained"	"acquired"	"got"	"got"	"attained"	"acquired"	"produced"	"obtained"	"acquired"	"got"	"got"	"obtain"	"acquired"	"got"	"made"	"obtained"	"got"
"2MX3Q0JG5TYMTZOIFF0FHSSSI57JFO"	"25D2JE1M7PKKF8JGAZQAK04LZYTXQE"	"convened"	"met"	"gathered"	"met"	"gathered"	"assembled"	"united"	"assembled"	"met"	"joined"	"gathered"	"started"	"gathered"	"gathered"	"ordered"	"gathered"	"gathered"	"gathered"	"assembled"	"met"	"collected"	"called"	"meet"	"assembled"	"met"	"gathered"	"gathered"	"gathered"	"met"	"gathered"	"gathered"	"moot"	"assembled"	"met"	"called"	"summoned"	"met"	"gathered"	"gather"	"assembled"	"assembled"	"met"	"met"	"together"	"met"	"met"	"assembled"	"collected"	"met"	"congregated"	"gathered"
"2IG7QEOZFYQS7ZKDQZ6XZDS4JK7JGN"	"25D2JE1M7PKKF8JGAZQAK04LZYTXQE"	"vital"	"essential"	"important"	"important"	"urgent"	"important"	"important"	"important"	"important"	"important"	"crucial"	"important"	"important"	"important"	"key"	"important"	"important"	"necessary"	"mandatory"	"important"	"necessary"	"important"	"need"	"important"	"needed"	"important"	"important"	"needed"	"urgent"	"important"	"important"	"important"	"important"	"important"	"critical"	"crucial"	"needed"	"crucial"	"needed"	"important"	"important"	"important"	"important"	"important"	"important"	"necessary"	"important"	"needed"	"necessary"	"important"	"necessity"
"2IF3V0FK0COK866LQIGKS9LRXEUHO3"	"25D2JE1M7PKKF8JGAZQAK04LZYTXQE"	"acquired"	"received"	"got"	"obtained"	"got"	"got"	"gotten"	"received"	"got"	"got"	"received"	"got"	"got"	"obtained"	"got"	"got"	"received"	"got"	"obtained"	"gained"	"got"	"got"	"received"	"got"	"received"	"obtained"	"received"	"take"	"got"	"retrieved"	"gained"	"received"	"got"	"got"	"got"	"got"	"obtained"	"got"	"received"	"got"	"obtain"	"collect"	"got"	"got"	"achieved"	"obtained"	"received"	"found"	"got"	"got"	"receive"
"25DR14IXKO2LFP9YG71653YODKLBAI"	"25D2JE1M7PKKF8JGAZQAK04LZYTXQE"	"abundance"	"plenty"	"ratio"	"plenty"	"plenty"	"profusion"	"excess"	"profusion"	"plenty"	"lots"	"plenty"	"many"	"population"	"ratio"	"plenty"	"ratio"	"a lot"	"plenty"	"a lot"	"many"	"a lot"	"many"	"extra"	"ampleness"	"amount"	"lot"	"bunch"	"plenty"	"many"	"commonness"	"plethora"	"count"	"a lot"	"excess"	"number"	"many"	"amount"	"comparable"	"extra"	"plenty"	"plenty"	"a lot"	"amount"	"superfluous"	"plenty"	"fortune"	"many"	"plenty"	"surplus"	"amount"	"many"
"2MCFJ51Y7QEO52QAWC3S1MOFYZJEBG"	"25D2JE1M7PKKF8JGAZQAK04LZYTXQE"	"substantial"	"important"	"huge"	"a lot"	"huge"	"big"	"generous"	"significant"	"massive"	"considerable"	"huge"	"important"	"big"	"ample"	"much"	"important"	"important"	"bounteous"	"large"	"big"	"ample"	"important"	"large"	"lots"	"weighty"	"large"	"important"	"big"	"big"	"important"	"important"	"sizable"	"important"	"important"	"worthwhile"	"important"	"big"	"cardinal"	"significant"	"huge"	"abundant"	"large"	"important"	"big"	"large"	"significant"	"big"	"adequate"	"large"	"important"	"significant"
"2X2PEIB9BAWLY9P9UGMX2D3MUZY1Y0"	"25D2JE1M7PKKF8JGAZQAK04LZYTXQE"	"arid"	"dry"	"dry"	"dry"	"dry"	"dry"	"dry"	"dry"	"dry"	"dry"	"dry"	"dry"	"dry"	"dry"	"dry"	"dry"	"dry"	"dry"	"dry"	"dry"	"dry"	"dry"	"dry"	"dry"	"dry"	"hot"	"dry"	"dry"	"dry"	"desert"	"dry"	"barren"	"dry"	"dry"	"dry"	"dry"	"dry"	"dry"	"dry"	"dry"	"dry"	"dry"	"dry"	"dry"	"dry"	"dry"	"dry"	"dry"	"dry"	"dry"	"dry"
"2DGB49F9SSSH3OT3SYJTDH5F9RAWSF"	"25D2JE1M7PKKF8JGAZQAK04LZYTXQE"	"meandered"	"wandered"	"wandered"	"wandered"	"wandered"	"wandered"	"strolled"	"wandered"	"wandered"	"drifted"	"wandered"	"wandered"	"wandered"	"circled"	"wandered"	"wandered"	"wandered"	"moved"	"segued"	"wander"	"moved"	"weaved"	"wandered"	"walked"	"wandered"	"winded"	"wandered"	"wandered"	"winded"	"wandered"	"wander"	"moved"	"snaked"	"wandered"	"wandered"	"wandered"	"walked"	"walked"	"wandered"	"spiraled"	"spun"	"drift"	"drifted"	"wandered"	"circle"	"wonder"	"wandered"	"wandered"	"strolled"	"twisted"	"zigzag"
"21K74J79KQW67VFOA5OFKD45YKKJHM"	"25D2JE1M7PKKF8JGAZQAK04LZYTXQE"	"generated"	"make"	"created"	"made"	"created"	"produced"	"created"	"issued"	"made"	"created"	"formed"	"made"	"create"	"created"	"created"	"made"	"created"	"created"	"created"	"created"	"made"	"made"	"created"	"make"	"created"	"created"	"made"	"created"	"created"	"brought"	"made"	"create"	"created"	"created"	"created"	"made"	"created"	"created"	"created"	"created"	"created"	"composed"	"made"	"make"	"made"	"created"	"created"	"birthed"	"created"	"created"	"made"
"23WGOOGQSCM6OX2MWP9U2U00PYPFFG"	"25D2JE1M7PKKF8JGAZQAK04LZYTXQE"	"comprise"	"make"	"has"	"include"	"make up"	"consist"	"form"	"include"	"involve"	"make up"	"embrace"	"compose"	"make"	"contain"	"made"	"include"	"complete"	"include"	"make"	"include"	"part of"	"contain"	"include"	"make up"	"involve"	"include"	"include"	"include"	"made up of"	"contain"	"include"	"make"	"contain"	"include"	"compose"	"consist of"	"makes"	"consist"	"include"	"include"	"include"	"made"	"made"	"has"	"constitute"	"include"	"make"	"part"	"make up"	"include"	"contain"
"2T1011K274J7F7IGACZNC6UXGKJECN"	"25D2JE1M7PKKF8JGAZQAK04LZYTXQE"	"secures"	"latches"	"attaches"	"fastens"	"attaches"	"ties"	"takes"	"attaches"	"tightens"	"assures"	"locks"	"tightens"	"locks"	"ties"	"attaches"	"chains"	"fills"	"fastens"	"binds"	"attaches"	"locks"	"attaches"	"attach"	"attaches"	"lock"	"affix"	"holds"	"attaches"	"joined"	"fastens"	"fastens"	"keeps"	"affix"	"keeps safe"	"attaches"	"attaches"	"fasten"	"attaches"	"fastens"	"locks"	"fastens"	"guard"	"safe"	"attached"	"attaches"	"locks"	"attaches"	"affixes"	"attaches"	"sets"	"ties"
"2ZFKO2L92HEC2XYH79FCKF0CQDPFGF"	"25D2JE1M7PKKF8JGAZQAK04LZYTXQE"	"career"	"job"	"job"	"work"	"job"	"job"	"profession"	"job"	"job"	"job"	"job"	"job"	"job"	"business"	"livelihood"	"occupation"	"occupation"	"job"	"job"	"job"	"job"	"job"	"job"	"job path"	"job"	"job"	"job"	"job"	"job"	"job"	"profession'"	"profession"	"job"	"job"	"job"	"lifestyle"	"job"	"job"	"job"	"employment"	"work"	"job"	"job"	"job"	"job"	"job"	"job"	"job"	"job"	"job"	"job"
"2IMIXKO2L92HKZOUA8UYWCCF1KVEDN"	"25D2JE1M7PKKF8JGAZQAK04LZYTXQE"	"refuses"	"won't"	"rejects"	"passes"	"denies"	"denies"	"does not"	"rejects"	"rejects"	"refrains"	"rejects"	"nays"	"rejects"	"turns down"	"resists"	"denies"	"rejects"	"rejects"	"disallows"	"rejected"	"stop"	"declines"	"does not accept"	"says no"	"avoids"	"stops"	"avoids"	"rejects"	"rejects"	"disallows"	"rejects"	"declines"	"disapproves"	"deny"	"declines"	"denies"	"disapproves"	"rejects"	"declines"	"decline"	"rejects"	"declines"	"rejects"	"denies"	"rejects"	"rejects"	"no"	"deny"	"denies"	"declines"	"rejects"
"28K4SMEZZ2MIQ9FTYJG9638TX444LO"	"25D2JE1M7PKKF8JGAZQAK04LZYTXQE"	"casualties"	"injuries"	"dead"	"deaths"	"toll"	"victims"	"mishaps"	"victims"	"deaths"	"losses"	"deaths"	"deaths"	"deaths"	"deaths"	"losses"	"victims"	"victims"	"victims"	"victims"	"deaths"	"victims"	"death"	"deaths"	"deaths"	"deaths"	"people hurt"	"mishaps"	"victims"	"affected"	"fatalities"	"victims"	"dead"	"victims"	"decedents"	"injuries"	"victims"	"bodies"	"misfortunes"	"deaths"	"dead"	"deaths"	"deaths"	"deaths"	"victims"	"deaths"	"deaths"	"mishap"	"victims"	"deaths"	"deaths"	"deaths"
"23T3Q39Z0B6UZBYD8PMS1VRKHX2LWQ"	"25D2JE1M7PKKF8JGAZQAK04LZYTXQE"	"transmitting"	"moving"	"sending"	"sending"	"sending"	"passing"	"transferring"	"issuing"	"exchanging"	"transferring"	"sending"	"send"	"sending"	"giving"	"passing"	"sending"	"sending"	"sending"	"transferring"	"spreading"	"delivering"	"transferring"	"sending"	"sending"	"sending"	"transferring"	"sending"	"sent"	"sending"	"transferring"	"emitting"	"sending"	"sending"	"send"	"sending"	"sending"	"channeling"	"forward"	"transport"	"communicating"	"sending"	"sending"	"sending"	"sending"	"giving"	"send"	"transferring"	"sending"	"passing on"	"transferring"	"sending"
"2IBHV8ER9Y8TT7A633D5SFHS3WSR40"	"25D2JE1M7PKKF8JGAZQAK04LZYTXQE"	"released"	"freed"	"issued"	"freed"	"published"	"issued"	"issued"	"freed"	"let go"	"sent"	"delivered"	"allowed"	"announced"	"issued"	"announced"	"delivered"	"issued"	"dispense"	"unleashed"	"freed"	"let go"	"showed"	"let out"	"gave"	"distributed"	"freed"	"loosed"	"unleashed"	"discharged"	"freed"	"allowed"	"debuted"	"freed"	"freed"	"published"	"let go"	"leaked"	"freed"	"let go"	"delivered"	"sold"	"let go"	"let go"	"made"	"freed"	"open"	"let go"	"freed"	"opened"	"freed"	"let go"
"25KGMMEGOOGQYZEQML120EIUV26BBD"	"25D2JE1M7PKKF8JGAZQAK04LZYTXQE"	"circumstances"	"situations"	"facts"	"facts"	"conditions"	"facts"	"conditions"	"details"	"reasons"	"conditions"	"events"	"conditions"	"happenings"	"situation"	"rules"	"situation"	"reasons"	"events"	"background"	"facts"	"conditions"	"points"	"news"	"details"	"situation"	"situation"	"situation"	"details"	"situations"	"situation"	"factors"	"situation"	"situation"	"facts"	"situation"	"happenings"	"situations"	"context"	"conditions"	"situations"	"situation"	"conditions"	"situation"	"situation"	"conditions"	"reasons"	"facts"	"reasons"	"causes"	"reasons"	"conditions"
"2G2PFE4EGDHDSPX5CT0N7W6HF7C9JM"	"25D2JE1M7PKKF8JGAZQAK04LZYTXQE"	"disbanded"	"broken"	"broke up"	"broke up"	"dissolved"	"separated"	"parted"	"destroy"	"parted"	"separated"	"dissolved"	"dispersed"	"stopped"	"separated"	"separated"	"break"	"split"	"quit"	"separate"	"dissolved"	"separated"	"ended"	"scattered"	"separated"	"dismantled"	"destroyed"	"broken up"	"destroyed"	"broke"	"separated"	"broke up"	"destroyed"	"broke up"	"shut down"	"shut down"	"separated"	"separated"	"separated"	"separated"	"broke up"	"separated"	"disintegrated"	"ended"	"depart"	"finished"	"separated"	"stop"	"separated"	"ended"	"broke up"	"separated"
"2HUOK2JE1M7PQ715V7XO7AC05T5OV0"	"25D2JE1M7PKKF8JGAZQAK04LZYTXQE"	"envisaged"	"pictured"	"dreamed"	"saw"	"imagine"	"conceived"	"imagined"	"view"	"imagined"	"saw"	"imagined"	"imagined"	"saw"	"imagined"	"saw"	"imagined"	"imagined"	"imagined"	"imagine"	"imagined"	"imagined"	"imagine"	"imagined"	"imagine"	"imagined"	"imagine"	"pictured"	"imagined"	"pictured"	"imagined"	"imagined"	"imagined"	"pictured"	"imagined"	"imagined"	"envisioned"	"envisioned"	"pictured"	"imagined"	"envision"	"imagined"	"picture"	"imagined"	"conceive"	"imagined"	"envisioned"	"imagine"	"imagine"	"imagined"	"think of"	"picture"
"25KL92HECWA63QQ8GN60KP5KYXZJIF"	"25D2JE1M7PKKF8JGAZQAK04LZYTXQE"	"fuselage"	"body"	"body"	"body"	"core"	"body"	"body"	"cabin"	"cockpit"	"chassis"	"carrier"	"body"	"cabin"	"body"	"center"	"hull"	"body"	"body"	"trunk"	"airplane"	"cabin"	"body"	"cabin"	"body"	"interior"	"chassis"	"body"	"cabin"	"core"	"body"	"airplane"	"body"	"deck"	"chassis"	"bulk"	"tube"	"cabin"	"trunk"	"body"	"outside"	"cargo"	"cabin"	"frame"	"airplane"	"cabin"	"core"	"cabin"	"body"	"frame"	"cabin"	"body"
"2A30XULRGNTBPQE6H8WFX7N63SNR55"	"25D2JE1M7PKKF8JGAZQAK04LZYTXQE"	"acquisition"	"reception"	"own"	"addition"	"asset"	"gain"	"possession"	"own"	"receipt"	"receiving"	"attainment"	"procuring"	"purchase"	"addition"	"acquire"	"object"	"purchase"	"theft"	"gaining"	"obtain"	"obtaining"	"obtaining"	"purchase"	"receive"	"gain"	"get"	"request"	"gaining"	"bought"	"buy"	"purchase"	"obtain"	"procurement"	"item"	"reception"	"gaining"	"gain"	"collection"	"gain"	"attainment"	"contract"	"gain"	"obtainment"	"procure"	"addition"	"reception"	"property"	"possession"	"accusation"	"purchase"	"get"
"21062NJQ21725W1ALH2KTCVEC27OWA"	"25D2JE1M7PKKF8JGAZQAK04LZYTXQE"	"endorsed"	"approved"	"likes"	"supported"	"supported"	"support"	"authenticated"	"supported"	"backed"	"support"	"approved"	"confirmed"	"certified"	"approved"	"okayed"	"liked"	"supported"	"approved"	"supported"	"supported"	"supported"	"backed"	"backed"	"backed"	"recommended"	"supported"	"approved"	"supported"	"help"	"supported"	"blessed"	"supported"	"supported"	"said it was good"	"supported"	"support"	"approved"	"supported"	"advocated"	"blessed"	"supported"	"supported"	"upheld"	"supported"	"approved"	"backed"	"favored"	"approved"	"supported"	"approved"	"approved"
"2ALHVWAVKI62T6IM5ITZH9QH7JQHPK"	"25D2JE1M7PKKF8JGAZQAK04LZYTXQE"	"periphery"	"edge"	"border"	"edge"	"edge"	"boundary"	"border"	"border"	"edge"	"surroundings"	"border"	"outside"	"outside"	"secondary"	"adjoinment"	"edge"	"edge"	"edge"	"frame"	"edge"	"boundary"	"barrier"	"border"	"border"	"border"	"side"	"edge"	"edge"	"boundary"	"edge"	"outside"	"edge"	"edge"	"edge"	"border"	"edge"	"edge"	"boundary"	"edges"	"fringe"	"border"	"border"	"edge"	"shell"	"edge"	"edge"	"edges"	"borders"	"perimeter"	"perimeter"	"edge"
"238U6L5OBVCI7EPH8L9JN7GU2IKZGO"	"25D2JE1M7PKKF8JGAZQAK04LZYTXQE"	"tolerated"	"allowed"	"accepted"	"allowed"	"permitted"	"endured"	"dealt"	"allowed"	"endured"	"accepted"	"bore"	"allowed"	"allowed"	"allow"	"accepted"	"allowed"	"accepted"	"allowed"	"withstood"	"put up with"	"indulged"	"endured"	"allowed"	"allowed"	"allowed"	"permitted"	"accepted"	"allowed"	"endured"	"accepted"	"accepted"	"allowed"	"allowed"	"accepted"	"allowed"	"allowed"	"accepted"	"allowed"	"allowed"	"accepted"	"allowed"	"bore"	"accepted"	"authorize"	"accepted"	"allowed"	"accepted"	"allowed"	"allowed"	"endured"	"allowed"
"2U78PJWKUDD8393NUE0Z8B6UUWC9KL"	"25D2JE1M7PKKF8JGAZQAK04LZYTXQE"	"enraged"	"angered"	"mad"	"angered"	"mad"	"aggravated"	"angry"	"angered"	"angered"	"angered"	"angry"	"aggravate"	"mad"	"mad"	"angered"	"angered"	"livid"	"angered"	"angered"	"angry"	"angry"	"irritate"	"angry"	"angry"	"mad"	"angered"	"angry"	"angry"	"mad"	"angered"	"angered"	"angry"	"angry"	"angry"	"angered"	"furious"	"angered"	"angered"	"irritated"	"angered"	"angered"	"angry"	"furious"	"anger"	"angry"	"angry"	"mad"	"angry"	"angry"	"angry"	"angry"
"29BLB3L0FBJ9OB33IUIE3E5RQZ8LXJ"	"25D2JE1M7PKKF8JGAZQAK04LZYTXQE"	"expedition"	"journey"	"journey"	"group"	"mission"	"trip"	"group"	"trip"	"exploration"	"trip"	"mission"	"adventure"	"voyage"	"group"	"trip"	"adventure"	"party"	"exploration"	"adventure"	"quest"	"journey"	"adventure"	"journey"	"trip"	"trip"	"journey"	"journey"	"search"	"journey"	"journey"	"journey"	"mission"	"trip"	"trip"	"posse"	"trial"	"trip"	"missionaries"	"trip"	"travel"	"trek"	"trip"	"trip"	"trip"	"quest"	"adventure"	"journey"	"travelers"	"journey"	"quest"	"trip"
"2FT49F9SSSHX7OB8R3K5P5F8KCUTXU"	"25D2JE1M7PKKF8JGAZQAK04LZYTXQE"	"situated"	"fixed"	"located"	"located"	"placed"	"placed"	"set"	"located"	"placed"	"placed"	"located"	"established"	"sat"	"sat"	"located"	"located"	"located"	"formatted"	"located"	"position"	"located"	"stayed"	"placed"	"placed"	"made comfortable"	"placed"	"located"	"placed"	"arranged"	"set"	"sat"	"position"	"placed"	"located"	"put"	"comfortable"	"placed"	"placed"	"place"	"sat"	"located"	"placed"	"placed"	"fixed"	"at"	"arranged"	"set"	"located"	"located"	"located"	"placed"
"25YQSCM6IAA2Y1AEY5R0WQKKBCOJJR"	"25D2JE1M7PKKF8JGAZQAK04LZYTXQE"	"obligations"	"chores"	"duty"	"debts"	"responsibilities"	"duties"	"debts"	"debts"	"duties"	"compulsions"	"duties"	"responsibilities"	"duty"	"duties"	"lots"	"responsibilities"	"debts"	"duties"	"accountability"	"payments"	"responsibility"	"duties"	"responsibility"	"duties"	"chores"	"requirements"	"responsibilities"	"responsibilities"	"responsibility"	"responsibilities"	"promises"	"duty"	"commitments"	"duties"	"job"	"agreements"	"require"	"duties"	"assignments"	"duty"	"requirements"	"requirements"	"duties"	"debts"	"responsibilities"	"requirements"	"promises"	"duties"	"tasks"	"promises"	"job"
"2UHXR24SMEZZ89A4QY0UGP9Y4GZ1IT"	"25D2JE1M7PKKF8JGAZQAK04LZYTXQE"	"ambiguous"	"unclear"	"uncertain"	"vague"	"unclear"	"open-ended"	"unclear"	"uncertain"	"doubtful"	"unclear"	"confusing"	"vague"	"vague"	"interpretive"	"unsure"	"unclear"	"cryptic"	"unclear"	"unclear"	"unclear"	"vague"	"unclear"	"confusing"	"unclear"	"unclear"	"unclear"	"unclear"	"unclear"	"vague"	"unclear"	"uncertain"	"unclear"	"unclear"	"unclear"	"unclear"	"not clear"	"vague"	"airy"	"unclear"	"uncertain"	"dubious"	"unclear"	"cryptic"	"cloudy"	"vague"	"neutral"	"unobvious"	"unclear"	"unclear"	"vague"	"vague"
"2GZHRRLFQ0ONTIJ15V8OHEGRCFCHQB"	"25D2JE1M7PKKF8JGAZQAK04LZYTXQE"	"ceded"	"left"	"gave"	"yielded"	"relented"	"yield"	"surrendered"	"surrendered"	"quit"	"gave up"	"surrendered"	"surrender"	"quit"	"offered"	"gave"	"forfeited"	"surrendered"	"transferred"	"surrendered"	"gave"	"surrender"	"stopped"	"surrendered"	"allow"	"given up"	"agreed"	"gave"	"gave up"	"surrendered"	"freed"	"stopped"	"surrendered"	"gave up"	"succumbed"	"gave up"	"surrendered"	"surrendered"	"surrendered"	"surrendered"	"concede"	"surrender"	"surrender"	"surrender"	"quit"	"let go"	"gave"	"gave up"	"transfer"	"gave"	"surrender"	"forfeited"
"2XBP9RA7S5WM7T1IWZ678JMHMIOTY0"	"25D2JE1M7PKKF8JGAZQAK04LZYTXQE"	"siege"	"attack"	"surround"	"corral"	"block"	"storm"	"assault"	"barricade"	"wait"	"attack"	"battle"	"capture"	"attack"	"attack"	"blitzkrieg"	"attack"	"attack"	"surround"	"blockade"	"attack"	"attack"	"battle"	"attack"	"attack"	"attack"	"attack"	"attack"	"storm"	"attack"	"attack"	"attack"	"attack"	"lockdown"	"blockade"	"surround"	"barricade"	"fight"	"attack"	"blockade"	"raid"	"attack"	"surround"	"invade"	"attack"	"invasion"	"take"	"takeover"	"attack"	"overcome"	"fort"	"attack"
"2UWY5COW0LGR5Q0WVQCCEVNU04J6XW"	"25D2JE1M7PKKF8JGAZQAK04LZYTXQE"	"leased"	"rented"	"rented"	"hired"	"rented"	"rented"	"rent"	"rented"	"rented"	"rented"	"loaned"	"lent"	"rented"	"rented"	"rented"	"rented"	"loaned"	"loaned"	"rented"	"lent"	"rented"	"rented"	"loaned"	"rented"	"hired"	"rented"	"rented"	"rented"	"loaned"	"rented"	"rented"	"rented"	"rented"	"rented"	"rented"	"rented"	"rented"	"lent"	"loaned"	"rented out"	"loan"	"sold"	"rented"	"loaned"	"rented"	"rented"	"borrowed"	"lent"	"rent"	"rent"	"rented"
"2FWPLSP75KLMCJBNSL8QMQVJSCSTZR"	"25D2JE1M7PKKF8JGAZQAK04LZYTXQE"	"sparse"	"thin"	"thin"	"uncommon"	"bare"	"rare"	"scarce"	"thin"	"few"	"thin"	"little"	"little"	"thin"	"rare"	"few"	"empty"	"fragmented"	"uncommon"	"thin"	"skimpy"	"deserted"	"thin"	"few"	"few"	"few"	"rare"	"few"	"thin"	"empty"	"thin"	"thin"	"thin"	"rare"	"few"	"uncommon"	"rare"	"fragile"	"scarce"	"few"	"dispersed"	"airy"	"shortage"	"scatter"	"few"	"thin"	"thin"	"rare"	"scarce"	"thin"	"in short supply"	"dispersed"
"2UZDM25L8I9N5JY1IAXOM4QW81EHRC"	"25D2JE1M7PKKF8JGAZQAK04LZYTXQE"	"incentives"	"goals"	"bonus"	"rewards"	"bonuses"	"rewards"	"reasons"	"motivations"	"reasons"	"rewards"	"encouragements"	"bribes"	"bribe"	"influences"	"prizes"	"benefits"	"motivations"	"rewards"	"motive"	"rewards"	"encouragements"	"rewards"	"bonuses"	"benefits"	"inspiration"	"benefits"	"rewards"	"extras"	"bonuses"	"motivation"	"rewards"	"drive"	"bonuses"	"gifts"	"stimulus"	"bonuses"	"benefits"	"reward"	"rewards"	"prizes"	"benefits"	"rewards"	"influence"	"rewards"	"lure"	"rewards"	"rewards"	"bonuses"	"fortitude"	"bonuses"	"encouragement"
"2FNPQJQ9OPLL3ZZEQ2OGGKCO0T21ZR"	"25D2JE1M7PKKF8JGAZQAK04LZYTXQE"	"implement"	"tool"	"tool"	"tool"	"tool"	"furnish"	"tool"	"tool"	"gadget"	"device"	"tool"	"supply"	"tool"	"use"	"item"	"introduce"	"tool"	"tool"	"tool"	"apply"	"machine"	"tool"	"tool"	"contraption"	"undertake"	"use"	"tool"	"tool"	"use"	"use"	"execute"	"started"	"apparatus"	"made"	"use"	"employ"	"use"	"device"	"appliance"	"use"	"gadget"	"use"	"apply"	"tool"	"apply"	"tool"	"do"	"use"	"perform"	"tool"	"tool, equipment"
"2C914IXKO2L9846W0LXXBYOCDN6BCK"	"25D2JE1M7PKKF8JGAZQAK04LZYTXQE"	"advocate"	"support"	"support"	"plea"	"argue"	"promote"	"uphold"	"defend"	"backer"	"representative"	"stand for"	"defender"	"campaign"	"defender"	"recommend"	"agree"	"champion"	"represent"	"support"	"support"	"supporter"	"supporter"	"proposer"	"defender"	"stand up"	"support"	"support"	"supporter"	"represent"	"plead"	"support"	"support"	"speaker"	"defender"	"support"	"friend"	"pleader"	"ally"	"support"	"promote"	"supporter"	"plead"	"speak"	"endorse"	"support"	"argue for"	"support"	"agree-er"	"help"	"endorse"	"support"
"2MCUKQOYGNIW7AKSSRR187SVHIXZHN"	"25D2JE1M7PKKF8JGAZQAK04LZYTXQE"	"merged"	"combined"	"joined"	"joined"	"joined"	"joined"	"joined"	"mixed"	"blended"	"combined"	"combined"	"fused"	"unite"	"met"	"combined"	"joined"	"joined"	"blend"	"connected"	"joined"	"united"	"combined"	"combined"	"joined"	"joined"	"joined"	"combined"	"fused"	"joined"	"joined"	"combined"	"combined"	"joined"	"joined"	"joined"	"joined"	"formed"	"joined"	"mixed"	"combined"	"combined"	"absorb"	"absorb"	"combined"	"blended"	"joined"	"combined"	"melded"	"combined"	"blended"	"joined"
"26QJVCNHMVHVQZBK5CB2F4J7ASX20H"	"25D2JE1M7PKKF8JGAZQAK04LZYTXQE"	"grossing"	"totaling"	"earning"	"making"	"earning"	"earning"	"earning"	"earning"	"earning"	"earning"	"earning"	"total"	"making"	"earning"	"making"	"winning"	"earning"	"earning"	"making"	"earning"	"earning"	"making"	"collecting"	"earnings"	"totaling"	"earning"	"earning"	"totaling"	"total"	"totaling"	"earning"	"making"	"earning"	"make"	"earning"	"earnings"	"salary"	"earning"	"earning"	"totaling"	"earning"	"earning before taxes"	"earning"	"making"	"making"	"earning"	"income"	"totaled"	"earning"	"earning"	"income"
"2J392HECWA6X9LGWGQRCX5KXQ1OJKQ"	"25D2JE1M7PKKF8JGAZQAK04LZYTXQE"	"classified"	"secret"	"organized"	"arranged"	"arranged"	"organized"	"grouped"	"sorted"	"private"	"ordered"	"grouped"	"order"	"sorted"	"organized"	"sorted"	"locked"	"organized"	"sorted"	"sorted"	"secret"	"arranged"	"grouped"	"categorize"	"grouped"	"organized"	"ordered"	"grouped"	"ordered"	"organize"	"ordered"	"organized"	"sorted"	"sorted"	"organized"	"labeled"	"set"	"listed"	"secret"	"organized"	"sorted"	"grouped"	"categorized"	"align"	"arranged"	"sorted"	"matched"	"secret"	"arranged"	"arranged"	"named"	"arranged"
"234EGOOGQSCMC52U635I2UU01WWEEG"	"25D2JE1M7PKKF8JGAZQAK04LZYTXQE"	"facilitate"	"help"	"help"	"help"	"simplify"	"help"	"help"	"ease"	"aid"	"help"	"simplify"	"enable"	"help"	"help"	"ease"	"help"	"enable"	"assist"	"help"	"help"	"ease"	"ease"	"aid"	"teach"	"aid"	"make easier"	"help"	"help"	"help"	"help"	"aid"	"simplify"	"enable"	"help"	"help"	"help"	"ease"	"help"	"ease"	"ease"	"ease"	"help"	"help"	"ease"	"help"	"make easy"	"simplify"	"simplify"	"help"	"act"	"help"
"25C3K4F0OHOVXOW21VF2T92HFK321K"	"25D2JE1M7PKKF8JGAZQAK04LZYTXQE"	"constitute"	"comprise"	"includes"	"make up"	"represent"	"consist"	"enact"	"compose"	"compose"	"make"	"make"	"make"	"compose"	"made"	"fastened"	"form"	"make"	"compose"	"is"	"symbolize"	"represent"	"compose"	"represent"	"composure"	"make up"	"make up"	"create"	"make"	"form"	"makes up of"	"create"	"make up"	"make up"	"make up"	"compose"	"construct"	"embody"	"compose"	"make up"	"compose"	"consists"	"compose"	"make"	"create"	"compose"	"makes up"	"consist"	"make up"	"make"	"compose"	"implicates"
"22M2J1LY58B78UEKMR6KPD16ZNYR6L"	"25D2JE1M7PKKF8JGAZQAK04LZYTXQE"	"snout"	"nose"	"smeller"	"nose"	"nose"	"nose"	"nose"	"nose"	"nose"	"nose"	"nose"	"nose"	"nose"	"nose"	"nose"	"nose"	"nose"	"nose"	"nose"	"nose"	"nose"	"nose"	"trunk"	"beak"	"nose"	"nose"	"nose"	"nose"	"nose"	"nose"	"nose"	"nose"	"nose"	"nose"	"nose"	"nose"	"nose"	"nose"	"trunk"	"nose"	"nose"	"nose"	"schnoz"	"nose"	"nose"	"trunk"	"nose"	"nose"	"nose"	"nose"	"snoot"
"21UJ011K274JDWCA0HS8V46UYNIBDK"	"25D2JE1M7PKKF8JGAZQAK04LZYTXQE"	"extremity"	"boundary"	"limit"	"limit"	"edge"	"edge"	"limb"	"outer part"	"outliers"	"edge"	"distance"	"distance"	"periphery"	"farthest"	"limit"	"fringe"	"brink"	"edge"	"far"	"outskirt"	"end"	"outer point"	"farthest"	"rim"	"edge"	"outer  bits"	"end"	"limbs"	"border"	"outlier"	"boundary"	"climax"	"edge"	"limb"	"edge"	"edge"	"tip"	"end"	"frontier"	"outside"	"tip"	"edge"	"furthest"	"boundary"	"edge, arm"	"polarity"	"boundary"	"edge"	"limb"	"bounds"	"end"
"2CEJ5OPB0YVG5VQ60MYEX9U32AD6Y2"	"25D2JE1M7PKKF8JGAZQAK04LZYTXQE"	"aspire"	"hope"	"aim"	"plan"	"hope"	"desire"	"dream"	"wish"	"strive"	"hope for"	"aim"	"desire"	"want"	"dream"	"aim"	"dream"	"hope"	"dream"	"dream"	"wish"	"dream"	"crave"	"want"	"want"	"wish"	"dream"	"want"	"goal"	"reach for"	"dream"	"wish"	"dream"	"dream"	"want"	"dream"	"desire"	"dream"	"wish"	"aim"	"dream"	"aim"	"hope"	"dream"	"strive"	"aim"	"want"	"strive"	"want"	"hope"	"plan"	"strive"
"2FQE4BLYHVI4ABKMOWL8LNEZTJGU0R"	"25D2JE1M7PKKF8JGAZQAK04LZYTXQE"	"sophisticated"	"refined"	"advanced"	"complex"	"mature"	"advanced"	"chic"	"elegant"	"refined"	"classy"	"complicated"	"complex"	"complicated"	"complicated"	"ornate"	"advanced"	"refined"	"advanced"	"classy"	"complex"	"advanced"	"advanced"	"complex"	"fancy"	"prestigious"	"complicated"	"intelligent"	"better"	"smart"	"proper"	"fancy"	"educated"	"worldly"	"classy"	"fancy"	"fancy"	"fancy"	"elaborate"	"fancy"	"cool"	"superior"	"elegant"	"smart"	"complicated"	"complex"	"fancy"	"complex"	"elaborate"	"complicated"	"classy"	"fancy"
"2OMJ79KQW618TRYE1Q3DC5XCF1TJLT"	"25D2JE1M7PKKF8JGAZQAK04LZYTXQE"	"spanned"	"covered"	"covered"	"covered"	"covered"	"covered"	"covered"	"covered"	"range"	"reached"	"covered"	"lasted"	"covered"	"covered"	"lasted"	"covered"	"bridged"	"extended"	"stretched"	"covered"	"expanded"	"reached"	"covered"	"covered"	"covered"	"covered"	"lasted"	"covered"	"covered"	"stretched"	"covered"	"covered"	"covered"	"covered"	"covered"	"covers"	"extended"	"stretched"	"connected"	"lasted"	"crossed"	"covered"	"cover"	"covered"	"covered"	"extended"	"covered"	"lasted"	"covered"	"covered"	"crossed"
"2UV8XMB3Q39Z6YYEXZXTCEVSU3XHS0"	"25D2JE1M7PKKF8JGAZQAK04LZYTXQE"	"elude"	"avoid"	"avoid"	"escape"	"avoid"	"escape"	"avoid"	"flee"	"avoid"	"evade"	"escape"	"flee"	"avoid"	"hide"	"escape"	"hide"	"bilk"	"dodge"	"escape"	"escape"	"evade"	"hide"	"avoid"	"evade"	"flee"	"escape"	"escape"	"flee"	"missed"	"avoid"	"escape"	"get out of"	"escape"	"avoid"	"escape"	"escape"	"hide"	"avoid"	"sidestep"	"escape"	"avoid"	"avoid"	"avoid"	"avoid"	"evade"	"escape"	"run"	"get away from"	"evade"	"escape"	"escape"
"29BMOFXRDS4IIO6IHYOJNM11BAOWT4"	"25D2JE1M7PKKF8JGAZQAK04LZYTXQE"	"encompasses"	"includes"	"included"	"includes"	"includes"	"includes"	"includes"	"covers"	"surrounds"	"covers"	"includes"	"contains"	"includes"	"covers"	"embodies"	"includes"	"includes"	"includes"	"includes"	"includes"	"includes"	"covers"	"encloses"	"includes"	"cover"	"includes"	"surrounds"	"contains"	"include"	"includes"	"surround"	"includes"	"enclose"	"envelops"	"surround"	"covers"	"enclose"	"includes"	"includes"	"surrounds"	"includes"	"includes"	"includes"	"territory"	"covers"	"includes"	"included"	"contains"	"includes"	"covers"	"cover"
"2UZJHP4BDDKGAL0BW80XBG3584H6ZT"	"25D2JE1M7PKKF8JGAZQAK04LZYTXQE"	"comprises"	"makes"	"contains"	"includes"	"has"	"contains"	"entails"	"includes"	"includes"	"includes"	"makes up"	"contains"	"consists"	"makes"	"includes"	"contain"	"made of"	"involves"	"organizes"	"contains"	"includes"	"contains"	"includes"	"made of"	"includes"	"contains"	"contains"	"includes"	"has"	"contains"	"includes"	"made up of"	"contains"	"includes"	"contains"	"involves"	"includes"	"constitutes"	"contains"	"involves"	"compose"	"part"	"contains"	"contain"	"includes"	"include"	"includes"	"include"	"includes"	"having"	"contains"
"2RU9KSSZVXX2WRXEYVHO6GNIX9U4MQ"	"25D2JE1M7PKKF8JGAZQAK04LZYTXQE"	"binds"	"ties"	"attaches"	"holds"	"joins"	"bonds"	"holds"	"joins"	"attaches"	"sticks"	"ties"	"sticks"	"ties"	"bond"	"bounds"	"combines"	"glues"	"joins"	"joins"	"joins"	"sticks"	"connects to"	"adheres"	"connects"	"links"	"seals"	"attaches"	"adds"	"combines"	"joins"	"bonds"	"joins"	"connects"	"holds"	"combines"	"attaches"	"secure"	"ties"	"attaches"	"sticks"	"adheres"	"combines"	"fasten"	"melds"	"attaches"	"ties"	"holds"	"joins"	"form"	"combines"	"joins"
"2IKA1QP6AUC2C08QBOSXBV0FL8I701"	"25D2JE1M7PKKF8JGAZQAK04LZYTXQE"	"inscribed"	"signed"	"join"	"registered"	"applied"	"enrolled"	"written"	"cut"	"registered"	"write"	"written"	"inscribing"	"signed"	"wrote"	"join"	"registered"	"enrolled"	"joined"	"registered"	"recorded"	"registered"	"registered"	"signed"	"signed up"	"joined"	"enlisted"	"reserve"	"signed up"	"registered"	"registered"	"written"	"engrave"	"join"	"registered"	"carved"	"recorded"	"joined"	"joined"	"registered"	"registered"	"written in"	"enrolled"	"wrote"	"pledged"	"wrote"	"sign"	"registered"	"wrote"	"registered"	"registered"	"written"
"2ZQIUB2YU98JNFL5FEC0NBJ9JWH9LO"	"25D2JE1M7PKKF8JGAZQAK04LZYTXQE"	"affirms"	"agrees"	"agrees"	"asserts"	"agrees"	"accepts"	"agrees"	"swear"	"confirms"	"upholds"	"confirms"	"confirms"	"okays"	"confirms"	"agrees"	"agrees to"	"agrees"	"agrees"	"approves"	"agrees"	"agrees"	"agrees"	"confirms"	"says yes"	"agree"	"allows"	"agrees"	"accepts"	"swear"	"agree"	"confirms"	"agrees"	"confirm"	"agrees"	"agrees"	"agree"	"accepts"	"confirms"	"promises"	"agreed"	"confirms"	"confirm"	"agrees"	"confirm"	"agrees"	"agrees"	"says yes to"	"agrees"	"defends"	"agree"	"confirms"
"2H6UQIHPCGJ2JPT877WXP0JPQ0O714"	"25D2JE1M7PKKF8JGAZQAK04LZYTXQE"	"envisioned"	"imagined"	"saw"	"saw"	"imagined"	"pictured"	"imagined, foresaw"	"saw"	"thought of"	"imagined"	"predicted"	"saw"	"saw"	"imagined"	"saw"	"saw"	"dreamed"	"imagined"	"imagined"	"imagined"	"pictured"	"imagine"	"thought up"	"imagined"	"imagined"	"imagined"	"imagined"	"imagined"	"imagined"	"imagined"	"imagined"	"imagined"	"visualized"	"saw"	"imagine"	"imagined"	"envisaged"	"saw"	"imagined"	"dreamed"	"pictured"	"imagined"	"foresee"	"imagine"	"imagined"	"viewed"	"thought"	"saw"	"imagined"	"imagined"	"imagined"
"2RT6BFMFFOYYOGTDNQ4GMSC0S52LYP"	"25D2JE1M7PKKF8JGAZQAK04LZYTXQE"	"erratic"	"unstable"	"stray"	"random"	"weird"	"wild"	"uneven"	"irregular"	"crazy"	"uncertain"	"varied"	"shaky"	"wandering"	"crazy"	"disorganized"	"unpredictable"	"irregular"	"spontaneous"	"unusual"	"rambling"	"wandering"	"inconsistent"	"uncertain"	"random"	"unpredictable"	"zig-zag"	"sporadic"	"crazy"	"crazy"	"crazy"	"random"	"odd"	"weird"	"random"	"unstable"	"unpredictable"	"irregular"	"spastic"	"spastic"	"random"	"bizarre"	"crazy"	"irregular"	"crazy"	"shaky"	"random"	"random"	"unstable"	"wandering"	"crazy"	"random"
"2QC8P9Y38TWW35VCY99M8JTAHVCZIG"	"25D2JE1M7PKKF8JGAZQAK04LZYTXQE"	"altering"	"changing"	"changing"	"changing"	"changing"	"changing"	"changing"	"changing"	"reforming"	"adjusting"	"differing"	"change"	"changing"	"changing"	"changing"	"changing"	"changing"	"changing"	"changing"	"changing"	"changing"	"changing"	"change"	"fixing"	"changing"	"changing"	"changing"	"change"	"changing"	"changing"	"modifying"	"changing"	"changing"	"changing"	"changing"	"changing"	"changing"	"changing"	"changing"	"changing"	"changing"	"changing"	"changing"	"amending"	"changing"	"changing"	"changing"	"changing"	"adjusting"	"changing"	"change"
"2I0NMHGYQ4J3TX3QFQDFNOYYJ179MQ"	"25D2JE1M7PKKF8JGAZQAK04LZYTXQE"	"adopted"	"joined"	"followed"	"accepts"	"endorsed"	"chose"	"followed"	"approved"	"affirmed"	"consented"	"gathered"	"chose"	"choose"	"encouraged"	"accept"	"followed"	"accepted"	"used"	"started"	"decided to"	"accepted"	"accept"	"accept"	"followed"	"used"	"followed"	"accept"	"minded"	"chose"	"chosen"	"followed"	"taken"	"taken"	"accepted"	"endorsed"	"borrowed"	"accepted"	"tried"	"adapted"	"chose"	"chose"	"acquired"	"adhered"	"used"	"adapted"	"selected"	"chosen"	"follow"	"pick up"	"chose"	"followed"
"2MCFJ51Y7QEO52QAWC3S1MOFYZJBED"	"25D2JE1M7PKKF8JGAZQAK04LZYTXQE"	"replenish"	"refill"	"restore"	"refill"	"refill"	"refill"	"refill"	"refill"	"refill"	"supply"	"restock"	"refill"	"fill"	"refill"	"submerge"	"refill"	"refill"	"restock"	"refill"	"refill"	"refill"	"refill"	"refill"	"restock"	"refill"	"refill"	"refill"	"fill"	"refill"	"refill"	"refill"	"fill"	"refill"	"refill"	"restore"	"refill"	"refill"	"restore"	"refill"	"fill"	"restore"	"refill"	"refill"	"fill"	"refill"	"refill"	"refil"	"refill"	"refill"	"refill"	"refill"
"2ECYT3DHJHP4H054KFP8ZSX9YBMU1U"	"25D2JE1M7PKKF8JGAZQAK04LZYTXQE"	"prone"	"likely"	"tend to"	"likely"	"inclined"	"known"	"likely"	"tending"	"apt"	"liable"	"leaning"	"likely"	"likely"	"obvious"	"likely"	"liable"	"likely"	"likely"	"likely"	"likely"	"likely"	"still"	"inclined"	"inclined"	"likely"	"often"	"tend"	"likely"	"likely"	"likely"	"likely"	"likely"	"capable"	"likely"	"likely"	"likely"	"likely"	"tendency"	"likely"	"liable"	"incline"	"likely"	"likely"	"tends"	"able"	"likely"	"apt"	"flat"	"want"	"likely"	"likely"
"2QQJHSTLB3L0LYBTMZ2JMJREWMBHTP"	"25D2JE1M7PKKF8JGAZQAK04LZYTXQE"	"eccentric"	"weird"	"strange"	"strange"	"curious"	"odd"	"unusual"	"odd"	"crazy"	"weird"	"different"	"unusual"	"aloof"	"strange"	"odd"	"bizarre"	"strange"	"ridiculous"	"odd"	"unique"	"unique"	"weird"	"weird"	"strange"	"silly"	"strange"	"strange"	"strange"	"weird"	"wild"	"crazy"	"crazy"	"unusual"	"odd"	"odd"	"strange"	"different"	"unique"	"odd"	"strange"	"noticeable"	"odd"	"strange"	"unusual"	"weird"	"unusual"	"wacky"	"bizarre"	"wacky"	"weird"	"odd"
"27IONNVRH1KHUW60VMY6VV9LL4DOX3"	"25D2JE1M7PKKF8JGAZQAK04LZYTXQE"	"accomplish"	"finish"	"do"	"act"	"achieve"	"achieve"	"perform"	"do"	"do"	"achieve"	"achieve"	"do"	"succeed"	"start"	"succeed"	"did"	"do"	"complete"	"achieve"	"finish"	"do"	"achieve"	"finish"	"complete"	"make happen"	"do"	"did"	"succeed"	"achieve"	"complete"	"manage"	"finish"	"do"	"made"	"achieve"	"complete"	"execute"	"achieve"	"attain"	"do"	"complete"	"finish"	"do"	"do"	"achieve"	"complete"	"implement"	"do"	"do"	"finish"	"achieve"
"20WNLVWJ5OPB6LN03JPM4B7EQH0U2B"	"25D2JE1M7PKKF8JGAZQAK04LZYTXQE"	"efficacious"	"effective"	"productive"	"powerful"	"effective"	"advantageous"	"effective"	"useful"	"influential"	"effective"	"show"	"efficient"	"appropriate"	"effective"	"effective"	"effective"	"effective"	"effective"	"effective"	"suggesting"	"effective"	"powerful"	"effective"	"skilled"	"good"	"useful"	"effective"	"useful"	"efficient"	"good"	"moved"	"powerful"	"effective"	"reliable"	"useful"	"effective"	"effective"	"productive"	"efficient"	"efficient"	"influential"	"capable"	"useful"	"powerful"	"effective"	"effective"	"productive"	"productive"	"effective"	"influential"	"productive"
"2P09NZW6HEZ6U1WA0IK8E9GUNA7OY9"	"25D2JE1M7PKKF8JGAZQAK04LZYTXQE"	"notorious"	"infamous"	"infamous"	"infamous"	"scandalized"	"wicked"	"famous"	"infamous"	"infamous"	"bad"	"famous"	"villainous"	"infamous"	"cantankerous"	"infamous"	"infamous"	"unpopular"	"infamous"	"infamous"	"infamous"	"famous"	"infamous"	"infamous"	"known"	"known"	"evil"	"known"	"famous"	"wicked"	"infamous"	"bad"	"infamous"	"infamous"	"infamous"	"infamous"	"scandalous"	"known"	"infamous"	"infamous"	"known"	"infamous"	"well-known"	"infamous"	"infamous"	"famous"	"well known"	"infamous"	"infamous"	"conspicuous"	"bad"	"well-known"
"2RWSCWY2AOO2M9EYKZFGYSCM7QH221"	"25D2JE1M7PKKF8JGAZQAK04LZYTXQE"	"dispute"	"disagree"	"fight"	"fight"	"conflict"	"argument"	"argument"	"argument"	"argue"	"fight"	"fight"	"argument"	"argument"	"fight"	"argument"	"fight"	"row"	"fight"	"fight"	"fight"	"argue"	"conflict"	"argument"	"argue"	"argument"	"argument"	"argument"	"fight"	"conflict"	"argument"	"fight"	"argument"	"disagree"	"conflict"	"argument"	"argument"	"spat"	"disagreement"	"argument"	"argument"	"argument"	"fight"	"argument"	"debate"	"disagreement"	"argue"	"fight"	"argue"	"argument"	"disagreement"	"argument"
"24M6UXFCD45XI1L7H3ETSIN3UOVWUV"	"25D2JE1M7PKKF8JGAZQAK04LZYTXQE"	"evade"	"avoid"	"dodge"	"avoid"	"escape"	"escape"	"avoid"	"avoid"	"avoid"	"avoid"	"flee"	"hide"	"avoid"	"escape"	"avoid"	"lose"	"escape"	"avoid"	"divert"	"avoid"	"escape"	"escape"	"dodge"	"avoid"	"dodge"	"escape"	"escape"	"avoid"	"escape"	"get out of"	"avoid"	"escape"	"avoid"	"escape"	"avoid"	"avoid"	"escape"	"avoid"	"avoid"	"escape"	"avoid"	"avoid"	"avoid"	"dodge"	"leave"	"escape"	"avoid"	"escape"	"dodge"	"avoid"	"escape"
"248YN5F3Q0JGBGQ6RNNYJ49FA0YBFV"	"25D2JE1M7PKKF8JGAZQAK04LZYTXQE"	"hamlet"	"road"	"group"	"village"	"community"	"settlement"	"suburb"	"suburb"	"neighborhood"	"town"	"town"	"town"	"town"	"town"	"community"	"community"	"neighborhood"	"group"	"small town"	"village"	"town"	"community"	"village"	"tribe"	"village"	"town"	"suburb"	"community"	"community"	"group"	"village"	"neighborhood"	"town"	"neighborhood"	"small town"	"town"	"town"	"thorp"	"community"	"town"	"town"	"town"	"village"	"clan"	"town"	"group"	"town"	"town"	"town"	"town"	"small group"
"2L0XKO2L92HEIJ2Q1EPOKCF0DXBEFY"	"25D2JE1M7PKKF8JGAZQAK04LZYTXQE"	"alternate"	"switch"	"other"	"other"	"substitute"	"other"	"exchanged"	"other"	"intermittent"	"rotate"	"other"	"other"	"other"	"secondary"	"substitute"	"substitute"	"substitute"	"change"	"different"	"change"	"other"	"another"	"fill in"	"different"	"different"	"option"	"other"	"acting"	"trade"	"different"	"different"	"replace"	"different"	"substitute"	"backup"	"replace"	"change"	"switch"	"substitute"	"other"	"other"	"substitute"	"other"	"substitute"	"substitute"	"other"	"different"	"replacement"	"replacement"	"different"	"substitute"
"2F6CCF0CP5KXVGA7MTOYO4PM8V4WVK"	"25D2JE1M7PKKF8JGAZQAK04LZYTXQE"	"suitable"	"fit"	"okay"	"acceptable"	"proper"	"tolerable"	"fit"	"appropriate"	"apt"	"okay"	"acceptable"	"decent"	"appropriate"	"reasonable"	"acceptable"	"right"	"appropriate"	"acceptable"	"acceptable"	"okay"	"fit"	"just right"	"usable"	"appropriate"	"useful"	"correct"	"fitting"	"good"	"goof"	"usable"	"acceptable"	"appropriate"	"cut out for"	"proper"	"correct"	"acceptable"	"good"	"tailored"	"appropriate"	"acceptable"	"fitting"	"appropriate"	"suited"	"fitting"	"proper"	"appropriate"	"okay"	"appropriate"	"good"	"fitting"	"acceptable"
"27WOZFYQS1CSZ9GZ124SCIC1F6JJMV"	"25D2JE1M7PKKF8JGAZQAK04LZYTXQE"	"ailing"	"ill"	"weak"	"sick"	"sick"	"diseased"	"sickly"	"sickly"	"sick"	"sickly"	"sickly"	"sickly"	"ill"	"sickly"	"sick"	"sickly"	"sick"	"afflicting"	"sick"	"sick"	"sick"	"afflicting"	"sick"	"sickly"	"ill"	"sick"	"sickly"	"weak"	"sick"	"sickly"	"sick"	"sick"	"sick"	"sick"	"sick"	"sick"	"sick"	"infirm"	"weak"	"sick"	"ill"	"sickly"	"sickly"	"sickly"	"ill"	"sick"	"sick"	"hurting"	"sick"	"sick"	"sick"
"2HJ1K274J79KWJYLCYV62XFCECBEGX"	"25D2JE1M7PKKF8JGAZQAK04LZYTXQE"	"obstacles"	"challenge"	"bar"	"hurdles"	"barriers"	"hurdles"	"barriers"	"blocks"	"barriers"	"blocks"	"blocks"	"barriers"	"blocks"	"hurdles"	"challenges"	"block"	"barriers"	"barriers"	"limitations"	"blockages"	"hurdles"	"barriers"	"barriers"	"problems"	"blocks"	"problems"	"hurdle"	"blockades"	"hardships"	"barrier"	"stumbling blocks"	"problems"	"barrier"	"problems"	"hurdle"	"hurdles"	"hurdles"	"challenges"	"hurdle"	"interferences"	"roadblocks"	"blockage"	"difficulties"	"hurtles"	"barrier"	"barriers"	"blocks"	"challenges"	"boundaries"	"hurdles"	"barriers"
"2UV2AC9KSSZV3KUA8GLUSQOYHVO1J5"	"25D2JE1M7PKKF8JGAZQAK04LZYTXQE"	"emigrated"	"immigrated"	"moved"	"left"	"departed"	"moved"	"moved"	"moved"	"moved"	"left"	"departed"	"moved"	"moved"	"entered"	"changed"	"migrated"	"departed"	"moved"	"moved"	"move"	"left"	"moved"	"moved"	"moved"	"moved away"	"moved"	"moved"	"immigrant"	"moved"	"move"	"moved"	"relocated"	"left"	"migrated"	"left"	"move"	"departed"	"moved"	"depart"	"depart"	"traveled"	"moved"	"departed"	"relocated"	"moved"	"left"	"left"	"migrated"	"moved"	"moved"	"migrate"
"2ZCUU00OQKKAA5ACC3TUA680F46WWU"	"25D2JE1M7PKKF8JGAZQAK04LZYTXQE"	"fundamental"	"basic"	"basic"	"basic"	"basic"	"crucial"	"important"	"vital"	"essential"	"basic"	"important"	"basic"	"basic"	"basic"	"basic"	"basic"	"basic"	"required"	"foundation"	"essential"	"basic"	"important"	"key"	"basic"	"basic"	"basic"	"essential"	"basic"	"necessary"	"important"	"necessary"	"basic"	"basic"	"main"	"important"	"basis"	"basic"	"necessary"	"crucial"	"essential"	"basic"	"vital"	"basic"	"important"	"key"	"essential"	"basic"	"important"	"main"	"basic"	"required"
"20R2NJKM05BMPGM127TG1P9RBFYBGU"	"25D2JE1M7PKKF8JGAZQAK04LZYTXQE"	"restore"	"fix"	"repair"	"renew"	"heal"	"return"	"fix"	"improve"	"recover"	"fix"	"redo"	"rebuild"	"return"	"balance"	"fix"	"repair"	"repair"	"renew"	"remake"	"fix"	"fix"	"rebuild"	"recreate"	"fix"	"fix"	"fix"	"renew"	"fix"	"return"	"return"	"redid"	"fix"	"repair"	"rebuild"	"renew"	"fixed"	"fix"	"fix"	"fix"	"fix"	"fix"	"heal"	"refresh"	"fix"	"fix"	"renew"	"replenish"	"fix"	"fix"	"heal"	"fix"
"23QJIA0RYNJ98AB4QBWBUJTUI6272L"	"25D2JE1M7PKKF8JGAZQAK04LZYTXQE"	"juvenile"	"minor"	"youth"	"child"	"junior"	"immature"	"immature"	"childish"	"childish"	"childish"	"young"	"young"	"young"	"teen"	"punk"	"elementary"	"child"	"childish"	"youthful"	"young"	"young"	"childish"	"young"	"little"	"minor"	"child"	"young"	"teenaged"	"childish"	"childish"	"young"	"adolescent"	"child"	"young"	"childlike"	"childish"	"adolescent"	"childish"	"young"	"adolescent"	"teenager"	"childish"	"young"	"childish"	"young"	"childish"	"childish"	"childish"	"immature"	"young"	"young"
"2S5FSVGULF39BFOQRRSF03NYORH9NQ"	"25D2JE1M7PKKF8JGAZQAK04LZYTXQE"	"perspective"	"view"	"viewpoint"	"view"	"outlook"	"view"	"viewpoint"	"view"	"viewpoint"	"outlook"	"outlook"	"understanding"	"view"	"outlook"	"view"	"view"	"lens"	"view"	"viewpoint"	"viewpoint"	"view"	"outlook"	"view"	"point of view"	"opinion"	"viewpoint"	"view"	"view"	"view"	"thinking"	"view"	"outlook"	"view"	"viewpoint"	"view"	"angle"	"viewpoint"	"opinion"	"look"	"point of view"	"view"	"viewpoint"	"angle"	"view"	"view"	"views"	"viewpoint"	"view"	"point of view"	"view"	"viewpoint"
"2LOOQ1SNQQ7QCUSP51BCVR12UYIR7K"	"25D2JE1M7PKKF8JGAZQAK04LZYTXQE"	"reconstituted"	"rebuilt"	"remake"	"modernized"	"recreated"	"remade"	"reconstructed"	"remade"	"remade"	"rebuilt"	"rebuilt"	"remade"	"restore"	"reconstructed"	"remake"	"remade"	"rebuilt"	"changed"	"rebuilt"	"constructed"	"reformed"	"rebuilt"	"rebuilt"	"made again"	"reorganized"	"remade"	"renewed"	"recreated"	"remade"	"rebuilt"	"replaced"	"rebuilt"	"made"	"restructured"	"remade"	"recreated"	"processed"	"rebuilt"	"remade"	"remade"	"rebuilt"	"rebuilt"	"recreated"	"reorganize"	"fix"	"remade"	"rebuilt"	"rebuilt"	"form"	"reformed"	"rebuilt"
"280LKH1Q6SVQE40SQ1L6T5OBWKO1K4"	"25D2JE1M7PKKF8JGAZQAK04LZYTXQE"	"tributaries"	"streams"	"branches"	"channels"	"branches"	"rivers"	"branches"	"rivers"	"branches"	"brook"	"arms"	"stream"	"riverlets"	"branches"	"secondaries"	"tertiaries"	"creek"	"creeks"	"branches"	"branches"	"streams"	"river"	"branch"	"creeks"	"streams"	"small stream"	"lands"	"creeks"	"rivers"	"rivers"	"feeders"	"branches"	"streams"	"brook"	"branch"	"limbs"	"branches of water"	"channels"	"division"	"paths"	"water flow"	"streams"	"river branches"	"branches"	"branches"	"streams"	"small rivers"	"river"	"creek"	"stream"	"rivers"
"2H1G5TYMNCWYHR1ZD3JSPX11KWTJNV"	"25D2JE1M7PKKF8JGAZQAK04LZYTXQE"	"crucial"	"necessary"	"important"	"important"	"important"	"important"	"vital"	"necessary"	"vital"	"vital"	"vital"	"key"	"important"	"important"	"key"	"tantamount"	"important"	"vital"	"critical"	"imperative"	"important"	"important"	"important"	"important"	"critical"	"necessary"	"important"	"important"	"important"	"important"	"critical"	"important"	"significant"	"important"	"critical"	"important"	"important"	"necessary"	"important"	"essential"	"important"	"vital"	"necessary"	"important"	"necessary"	"key"	"important"	"important"	"important"	"necessary"	"important"
"2QQD8J3VE7WSYGFIGRUMKK8AUA1ZJS"	"25D2JE1M7PKKF8JGAZQAK04LZYTXQE"	"composed"	"wrote"	"wrote"	"created"	"created"	"written"	"created"	"created"	"comprised"	"made"	"made"	"wrote"	"created"	"created"	"wrote"	"wrote"	"wrote"	"created"	"wrote"	"made"	"authored"	"wrote"	"write"	"wrote"	"wrote"	"wrote"	"wrote"	"wrote"	"wrote"	"write"	"built"	"wrote"	"wrote"	"wrote"	"created"	"authored"	"wrote"	"wrote"	"devised"	"wrote"	"wrote"	"build"	"wrote"	"made up of"	"make"	"made"	"wrote"	"wrote"	"produced"	"wrote"	"wrote"
"2L13NAB6BFMFLBQIM4STRFDGF0IHUG"	"25D2JE1M7PKKF8JGAZQAK04LZYTXQE"	"lavish"	"spoil"	"over done"	"nice"	"luxurious"	"splendid"	"excessive"	"lush"	"rich"	"extravagant"	"excessive"	"rich"	"fancy"	"fancy"	"rich"	"fancy"	"fancy"	"luxurious"	"fancy"	"grand"	"fancy"	"rich"	"fancy"	"quality"	"fancy"	"fancy"	"expensive"	"rich"	"expensive"	"fancy"	"expensive"	"luxuriant"	"gorgeous"	"fancy"	"grand"	"fancy"	"splendid"	"luxurious"	"impressive"	"ritzy"	"rich"	"fancy"	"grand"	"abundant"	"posh"	"fancy"	"expensive"	"give"	"excessive"	"wealthy"	"excessive"
"20N1Y7QEOZFYWFTWW4DONXRDTCOEHW"	"25D2JE1M7PKKF8JGAZQAK04LZYTXQE"	"demise"	"death"	"end"	"end"	"end"	"end"	"end"	"expiration"	"death"	"death"	"end"	"end"	"finale"	"finish"	"death"	"death"	"end"	"finish"	"end"	"death"	"death"	"death"	"end"	"end"	"end"	"death"	"death"	"downfall"	"end"	"end"	"downfall"	"end"	"end"	"collapse"	"end"	"end"	"doom"	"end"	"end"	"end"	"end"	"downfall"	"dusk"	"death"	"collapse"	"end"	"departure"	"death"	"end"	"end"	"end"
"24VWIOV1S7SN90L0YCUYLZ8N9Z1ZKR"	"25D2JE1M7PKKF8JGAZQAK04LZYTXQE"	"vowed"	"promised"	"promised"	"promised"	"assured"	"swore"	"swore"	"promised"	"swore"	"promised"	"promised"	"swear"	"promised"	"promised"	"swore"	"promised"	"promised"	"promised"	"promised"	"promise"	"promised"	"promised"	"promised"	"swore"	"promised"	"promised"	"committed"	"affirmed"	"promised"	"pledged"	"promised"	"promised"	"promised"	"swore"	"swore"	"promised"	"promised"	"promised"	"pledged"	"swore"	"promised"	"promised"	"pledged"	"promised"	"promised"	"promised"	"promise"	"promised"	"said"	"promised"	"promised"
"21Z1Q6SVQ8H8E9IEAWWOJVCI2Z44NQ"	"25D2JE1M7PKKF8JGAZQAK04LZYTXQE"	"resembled"	"appeared"	"appeared"	"somewhat same"	"seemed"	"matched"	"appeared"	"mimic"	"seemed"	"coincided"	"seemed"	"favored"	"mirror"	"reminded"	"mirrored"	"appeared"	"mirrored"	"matched"	"looked like"	"similar"	"looked like"	"appeared"	"looked like"	"match"	"similar"	"matched"	"matched"	"matched"	"matched"	"looked like"	"matched"	"appeared"	"looked like"	"mirrored"	"duplicate"	"coincide"	"looked"	"paralleled"	"matched"	"shadowed"	"semblance"	"appeared"	"similar"	"looked like"	"similar"	"looked like"	"looked"	"looked like"	"seemed"	"appeared"	"matched"
"27L9Z0B6UTO6ZR6FW4MRSGPWT4BOZ0"	"25D2JE1M7PKKF8JGAZQAK04LZYTXQE"	"foster"	"help"	"support"	"promote"	"encourage"	"encourage"	"nurture"	"promote"	"encourage"	"support"	"enable"	"support"	"encourage"	"water"	"nourish"	"advance"	"encourage"	"instill"	"nurture"	"develop"	"promote"	"take care of"	"raise"	"raise"	"encourage"	"bring"	"help"	"raise"	"care"	"raise"	"promote"	"nurture"	"encourage"	"raise"	"nurture"	"help"	"support"	"feed"	"encourage"	"grow"	"nurse"	"aid"	"encourage"	"help"	"care for"	"nurture"	"care"	"help"	"feed"	"care for"	"cultivate"
"29E6NG1FS3NYT63IJC6Z0ZL2YZ6LZG"	"25D2JE1M7PKKF8JGAZQAK04LZYTXQE"	"infractions"	"misdemeanor"	"violations"	"violation"	"crimes"	"offenses"	"errors"	"misdemeanors"	"violations"	"errors"	"crimes"	"crimes"	"misdemeanor"	"errors"	"offenses"	"misdemeanors"	"wrongdoings"	"violation"	"offenses"	"misdemeanors"	"misdemeanor"	"misdemeanors"	"misdemeanor"	"misdemeanor"	"crimes"	"violations"	"offenses"	"violations"	"offenses"	"misdemeanors"	"offenses"	"crime"	"mistakes"	"misdemeanors"	"mistakes"	"misdemeanors"	"violations"	"misdemeanors"	"misdemeanor"	"offenses"	"violations"	"wrongdoings"	"mistakes"	"misdemeanors"	"offense"	"offense"	"crime"	"breaches"	"crime"	"violations"	"misdemeanor"
"26R746OQ1SNQWUIQBBW1YKCNS994O5"	"25D2JE1M7PKKF8JGAZQAK04LZYTXQE"	"accommodate"	"allow"	"house"	"shelter"	"entertain"	"house"	"suit"	"house"	"shelter"	"help"	"arranged"	"house"	"give"	"provide"	"shelter"	"shelter"	"lodge"	"board"	"fit"	"house"	"help"	"house"	"let stay"	"board"	"arrange"	"shelter"	"house"	"house"	"shelter"	"house"	"shelter"	"shelter"	"house"	"house"	"provide"	"house"	"give"	"board"	"house"	"provide"	"shelter"	"shelter"	"board"	"lodge"	"contain"	"house"	"fit"	"house"	"welcome"	"give"	"welcome"
"29E6NG1FS3NYT63IJC6Z0ZL2YZ6ZLU"	"25D2JE1M7PKKF8JGAZQAK04LZYTXQE"	"opted"	"chose"	"chose"	"chose"	"chose"	"chose"	"chose"	"chose"	"chose"	"chose"	"chose"	"chose"	"picked"	"chose"	"chose"	"selected"	"chose"	"chose"	"chose"	"chose"	"decided"	"chose"	"substituted"	"chose"	"differ"	"chose"	"chose"	"chose"	"chose"	"chose"	"decided"	"chose"	"chose"	"chose"	"chosen"	"selected"	"chose"	"chose"	"chose"	"chose"	"picked"	"chose"	"chose"	"chose"	"chose"	"chose"	"chose"	"select"	"go for"	"chose"	"chose"
"2NAVQ8H88MQUC8X8F63I9RXX5IOR87"	"25D2JE1M7PKKF8JGAZQAK04LZYTXQE"	"animosity"	"anger"	"hate"	"hate"	"bitterness"	"hate"	"anger"	"hatred"	"negativity"	"hatred"	"hatred"	"ill will"	"hostility"	"hatred"	"hate"	"hatred"	"dislike"	"hate"	"monstrosity"	"dislike"	"dislike"	"bitterness"	"hatred"	"hostility"	"hatred"	"hatred"	"bitterness"	"anger"	"hatred"	"anger"	"mean"	"hostility"	"anger"	"hatred"	"hatred"	"hostility"	"anger"	"hatred"	"dislike"	"hate"	"hatred"	"hate"	"dislike"	"hatred"	"hate"	"hate"	"fear"	"hostile"	"hostility"	"hate"	"bad feelings"
"25UCF0CP5KXPZ5F2M8PGCPM7O6CWXN"	"25D2JE1M7PKKF8JGAZQAK04LZYTXQE"	"vocalist"	"singer"	"singer"	"sing"	"singer"	"singer"	"singer"	"singer"	"singer"	"singer"	"singer"	"singer"	"singer"	"singer"	"caroler"	"singer"	"singer"	"singer"	"singer"	"singer"	"orator"	"singer"	"singer"	"singer"	"singer"	"singer"	"singer"	"singer"	"singer"	"singer"	"singer"	"singer"	"singer"	"singer"	"singer"	"singer"	"singer"	"singer"	"singer"	"singer"	"singer"	"singer"	"singer"	"singer"	"singer"	"singer"	"singer"	"singer"	"singer"	"singer"	"singer"
"2NCXFCD45XCEZA5CR4BIV3TGQC6WYT"	"25D2JE1M7PKKF8JGAZQAK04LZYTXQE"	"forge"	"fake"	"copy"	"copy"	"copy"	"fake"	"copy"	"copy"	"fake"	"create"	"fake"	"defraud"	"copy"	"falsify"	"fake"	"fake"	"fake"	"make"	"cast"	"fake"	"fake"	"falsify"	"copy"	"copy"	"counterfeit"	"fake"	"dupe"	"duplicate"	"fake"	"make a fake"	"fake"	"fake"	"faked"	"copy"	"craft"	"fake"	"fake"	"fake"	"faked"	"duplicate"	"fake"	"counterfeit"	"copy"	"fake"	"counterfeit"	"copy"	"cheat"	"fake"	"copy"	"falsify"	"fake"
"2YXL42J1LY58HUURQB9GNKHD2E54PM"	"25D2JE1M7PKKF8JGAZQAK04LZYTXQE"	"vast"	"huge"	"large"	"large"	"large"	"large"	"huge"	"large"	"large"	"great"	"big"	"widespread"	"big"	"big"	"big"	"open"	"huge"	"huge"	"huge"	"big"	"widespread"	"huge"	"immense"	"wide"	"large"	"big"	"huge"	"large"	"huge"	"big"	"huge"	"wide"	"large"	"huge"	"large"	"large"	"huge"	"huge"	"big"	"big"	"huge"	"large"	"huge"	"large"	"large"	"large"	"large"	"huge"	"huge"	"huge"	"large"
"2KLFDEY5COW0R3JJ7J3RNLC6WV0U3M"	"25D2JE1M7PKKF8JGAZQAK04LZYTXQE"	"evidence"	"proof"	"proof"	"proof"	"proof"	"proof"	"proof"	"proof"	"proof"	"proof"	"cue"	"proof"	"proof"	"proof"	"proof"	"proof"	"proof"	"news"	"facts"	"proof"	"proof"	"proof"	"proof"	"proof"	"proof"	"clue"	"proof"	"information"	"proof"	"clue"	"proof"	"reason"	"proof"	"proof"	"proof"	"proof"	"proof"	"reason"	"proof"	"proof"	"proof"	"proof"	"proof"	"proof"	"proof"	"proof"	"support"	"support"	"proof"	"proof"	"sign"
"24BL0XULRGNTH6V6QOO5NP7N7AR4QD"	"25D2JE1M7PKKF8JGAZQAK04LZYTXQE"	"remarkable"	"amazing"	"impressive"	"awesome"	"notable"	"cool"	"outstanding"	"amazing"	"interesting"	"incredible"	"great"	"super"	"great"	"unusual"	"rare"	"praiseworthy"	"interesting"	"incredible"	"impressive"	"significant"	"amazing"	"special"	"amazing"	"amazing"	"superior"	"special"	"amazing"	"interesting"	"special"	"rare"	"amazing"	"noteworthy"	"interesting"	"amazing"	"interesting"	"significant"	"amazing"	"impressive"	"amazing"	"important"	"important"	"memorable"	"unusual"	"extraordinary"	"impressive"	"unusual"	"amazing"	"exceptional"	"amazing"	"noticeable"	"awesome"
"2IBHV8ER9Y8TT7A633D5SFHS3WT4RE"	"25D2JE1M7PKKF8JGAZQAK04LZYTXQE"	"transparent"	"clear"	"clear"	"clear"	"clear"	"glassy"	"see-through"	"clear"	"sheer"	"clear"	"clear"	"clear"	"see-through"	"clear"	"lucid"	"sheer"	"clear"	"clear"	"clear"	"clear"	"clear"	"clear"	"clear"	"clear"	"invisible"	"clear"	"invisible"	"clear"	"see-through"	"invisible"	"clear"	"clear"	"clear"	"clear"	"clear"	"see-through"	"see through"	"clear"	"clear"	"clear"	"clear"	"clear"	"clear"	"clear"	"clear"	"clear"	"clear"	"see-through"	"see-through"	"clear"	"clear"
"24ASCXKNQY2RI6CQ7AMEBHR0L2OP0Q"	"25D2JE1M7PKKF8JGAZQAK04LZYTXQE"	"deceased"	"dead"	"dead"	"dead"	"expired"	"dead"	"dead"	"departed"	"passed"	"dead"	"dead"	"died"	"gone"	"dead"	"departed"	"died"	"dead"	"perished"	"died"	"lifeless"	"dead"	"killed"	"dead"	"dead"	"dead"	"dead"	"dead"	"dead"	"dead"	"dead"	"dead"	"dead"	"passed on"	"lifeless"	"dead"	"died"	"expired"	"passed away"	"passed away"	"dead"	"dead"	"dead"	"dead"	"dead"	"expired"	"dead"	"not living"	"dead"	"dead"	"dead"	"dead"
"2BLK4F0OHOVR7RAHOZTLH2HED4H23C"	"25D2JE1M7PKKF8JGAZQAK04LZYTXQE"	"urges"	"encourages"	"nags"	"pushes"	"pushes"	"prompts"	"pushes"	"influences"	"needs"	"forces"	"drives"	"encourages"	"wants"	"wants"	"encourages"	"encourages"	"encourages"	"desires"	"encourages"	"pushes"	"desires"	"requests"	"asks"	"wants"	"wants"	"promotes"	"pushes"	"pushes"	"desires"	"goads"	"wants"	"push"	"goads"	"wants"	"spurs"	"desires"	"encourage"	"pressures"	"encourages"	"tells"	"encourages"	"persuade"	"push"	"wants"	"tell"	"want"	"pushes"	"feelings"	"needs"	"wants"	"beg"
"23WC1PC6SK9RPVX83TQEPMAAQUUP1T"	"25D2JE1M7PKKF8JGAZQAK04LZYTXQE"	"attempting"	"trying"	"trying"	"trying"	"trying"	"trying"	"trying"	"trying"	"trying"	"trying"	"trying"	"trying"	"trying"	"trying"	"trying"	"trying"	"trying"	"trying"	"trying"	"trying"	"trying"	"trying"	"trying"	"trying"	"trying"	"trying"	"trying"	"try"	"undertake"	"trying"	"try"	"trying"	"trying"	"trying"	"trying"	"trying"	"performing"	"trying"	"trying"	"trying"	"trying"	"trying"	"trying"	"trying"	"trying"	"trying"	"trying"	"trying"	"trying"	"trying"	"trying"
