"2IKA1QP6AUC2C08QBOSXBV0FL32074"	"25D2JE1M7PKKF8JGAZQAK04LZYTXQE"	"extruded"	"molded"	"squeeze"	"poke"	"popped"	"blown"	"ejected"	"thrusted"	"squeezed"	"bulged"	"thrust"	"molded"	"mold"	"forced"	"shaped"	"pushed"	"squeezed"	"extended"	"ejected"	"swelled"	"molded"	"pushed through"	"pushed"	"projected"	"squeezed"	"dismiss"	"push"	"expanded"	"squeezed"	"thrusted"	"pushed"	"squeezed"	"squeeze"	"squeezed"	"squeezed"	"expelled"	"forced out"	"to force out"	"squeezed"	"bulged"	"squeezed"	"pressed"	"extended"	"mold"	"expelled"	"molded"	"forced"	"press"	"poked out"	"pushed"	"produced"	"squeezed"		
"2JME6AUBXHWSNU75DKMB7WDRM0V2YR"	"25D2JE1M7PKKF8JGAZQAK04LZYTXQE"	"sought"	"searched"	"tried"	"wanted"	"hunted"	"tried"	"aimed"	"pursued"	"follow"	"chased"	"try"	"look"	"pursue"	"help"	"tried"	"tried"	"looked for"	"found"	"desired"	"wanted"	"looked for"	"explore"	"tried"	"looked for"	"tried"	"searched"	"chase"	"looked"	"tried"	"tried"	"tried"	"seek"	"tried"	"tried"	"hunt"	"look"	"tried"	"hunt"	"tried to"	"attempt"	"want"	"chase"	"tried"	"looked"	"try"	"tried"	"found"	"try"	"looked for"	"obtain"	"tried"	"tried"		
"2G4AZHHRRLFQ6BF7Z281SHO9FJHNEO"	"25D2JE1M7PKKF8JGAZQAK04LZYTXQE"	"issued"	"given"	"gave"	"delivered"	"sent"	"gave"	"gave"	"published"	"gave"	"gave"	"gave"	"given"	"given"	"released"	"gave"	"send"	"given"	"given"	"give"	"give"	"given"	"given"	"given"	"delivered"	"given"	"gave"	"distributed"	"given"	"given"	"produced"	"supplied"	"gave"	"given"	"released"	"gave out"	"given"	"delivered"	"assigned"	"gave"	"sent"	"give"	"put out"	"assigned"	"gave"	"gave"	"gave"	"given"	"gave"	"gave"	"distributed"	"gave out"	"gave"		
"2SVDP8PJWKUDJVP6FEH3HZ0B7XJI7H"	"25D2JE1M7PKKF8JGAZQAK04LZYTXQE"	"diagram"	"sketch"	"picture"	"graph"	"chart"	"blueprint"	"sketch"	"graph"	"chart"	"plan"	"picture"	"chart"	"drawing"	"drawing"	"instruction"	"map"	"chart"	"picture"	"drawing"	"chart"	"drawing"	"chart"	"map"	"drawing"	"chart"	"design"	"drawing"	"blueprint"	"outline"	"sketch"	"picture"	"figure"	"layout"	"instructions"	"picture"	"map"	"drawing"	"drawing"	"graph"	"drawing"	"picture"	"image"	"description"	"blueprint"	"sketch"	"chart"	"plan"	"drawing"	"sketch"	"chart"	"drawing"	"drawing"		
"2UHKPFE4EGDHJ9UPPJ99VZW6IHPI84"	"25D2JE1M7PKKF8JGAZQAK04LZYTXQE"	"inhabitants"	"residents"	"citizens"	"residents"	"residents"	"citizens"	"tenants"	"resident"	"residents"	"civilians"	"occupants"	"citizens"	"dwellers"	"residents"	"citizens"	"occupants"	"people"	"people"	"dwellers"	"residents"	"occupant"	"neighbors"	"resident"	"occupants"	"native"	"residents"	"occupants"	"people"	"people"	"tenants"	"denizens"	"lives"	"resident"	"residents"	"citizens"	"residents"	"citizens"	"lives"	"people"	"natives"	"dwellers"	"occupants"	"citizens"	"population"	"residents"	"people"	"citizen"	"residents"	"citizens"	"population"	"residents"	"residents"		
"2TX806UFBNFS13M5JE050W6NH45G27"	"25D2JE1M7PKKF8JGAZQAK04LZYTXQE"	"disciplines"	"fields"	"subjects"	"specialties"	"fields"	"intelligences"	"specialty"	"areas"	"corrections"	"area"	"expert"	"subjects"	"authorities"	"fields"	"subjects"	"specialties"	"subjects"	"categories"	"schools"	"subjects"	"fields"	"subjects"	"subjects"	"subjects"	"fields"	"subjects"	"subjects"	"area"	"branches"	"area"	"specialties"	"courses"	"fields"	"subjects"	"area"	"subjects"	"subjects"	"subjects"	"subjects"	"studies"	"order"	"area"	"punishes"	"classes"	"skills"	"practice"	"specialties"	"subjects"	"groups"	"subsect"	"studies"	"subjects"		
"2K6H1XERSQV6CED9LTK3PVWAWN808R"	"25D2JE1M7PKKF8JGAZQAK04LZYTXQE"	"occasionally"	"from time to time"	"sometimes"	"sometimes"	"sometimes"	"sometimes"	"sometimes"	"sometimes"	"sometimes"	"sometimes"	"rarely"	"sometimes"	"hardly"	"seldom"	"once in a while"	"sometimes"	"sometimes"	"at times"	"irregularly"	"sometimes"	"sometimes"	"sometimes"	"sometimes"	"sometimes"	"sometimes"	"usually"	"sometimes"	"sometimes"	"sometimes"	"seldom"	"sometimes"	"sometimes"	"sometimes"	"sometimes"	"infrequently"	"periodically"	"rarely"	"sometimes"	"sometimes"	"sometimes"	"once in a while"	"sometimes"	"infrequently"	"sometimes"	"sometimes"	"intermittently"	"sometimes"	"on occasion"	"sometimes"	"sometimes"	"rare"	"sometimes"		
"25LW5XH0JPPSOPCII0CSX75KMPWLF2"	"25D2JE1M7PKKF8JGAZQAK04LZYTXQE"	"principles"	"morals"	"cause"	"laws"	"beliefs"	"laws"	"standards"	"rules"	"rules"	"reason"	"rules"	"values"	"rules"	"values"	"values"	"morals"	"values"	"values"	"foundations"	"rules"	"rules"	"values"	"propositions"	"rules"	"morals"	"rules"	"rules"	"truths"	"beliefs"	"rules"	"morals"	"fundamentals"	"rules"	"ideals"	"ideals"	"ground rules"	"ethics"	"rule"	"ideas"	"rules"	"ideals"	"rules"	"truth"	"rules"	"rules"	"morals"	"ideals"	"ideas"	"conduct"	"rules"	"morals"	"rules"		
"2HFULRGNTBJ3S95H9QG7V62KIEZ7TN"	"25D2JE1M7PKKF8JGAZQAK04LZYTXQE"	"object"	"thing"	"goal"	"item"	"aim"	"goal"	"item"	"goal"	"point"	"goal"	"focus"	"item"	"product"	"goal"	"thing"	"thing"	"goal"	"aim"	"motive"	"goal"	"goal"	"goal"	"goal"	"reason"	"target"	"aim"	"reason"	"goal"	"item"	"goal"	"goal"	"target"	"goal"	"thing"	"aim"	"aim"	"goal"	"aim"	"goal"	"thing"	"goal"	"disagree"	"goal"	"goal"	"item"	"prize"	"intention"	"goal"	"aim"	"thing"	"goal"	"goal"		
"21405BMJTUHY2P8DTKIAFS5WN4WLG1"	"25D2JE1M7PKKF8JGAZQAK04LZYTXQE"	"garment"	"clothing"	"gear"	"clothing"	"dress"	"cloth"	"cloth"	"clothing"	"clothing"	"clothing"	"outfit"	"cloth"	"gear"	"clothing"	"clothing"	"dress"	"clothes"	"clothing"	"clothing"	"outfit"	"clothes"	"outfit"	"clothing"	"clothes"	"costume"	"clothes"	"outfit"	"clothing"	"outfit"	"clothing"	"outfit"	"clothing"	"clothing"	"clothes"	"attire"	"outfit"	"outfit"	"costume"	"clothing"	"clothing"	"apparel"	"piece of clothing"	"clothing"	"piece"	"apparel"	"clothing"	"clothing"	"dress"	"clothes"	"clothing"	"clothes"	"clothing"		
"2SST2D5NQYN5LQIKNRWT6MNCX11596"	"25D2JE1M7PKKF8JGAZQAK04LZYTXQE"	"traversed"	"traveled"	"traveled"	"roam"	"covered"	"traveled"	"travel"	"crossed"	"crossed"	"cross"	"bridged"	"intersected"	"crossed"	"traveled"	"crossed"	"crossed"	"crossed"	"crossing"	"traveled"	"crossed"	"crossed"	"walked"	"crossed"	"traveled"	"traveled"	"traveled across"	"crossed"	"crossed"	"bridge"	"traveled"	"crossed"	"crossed"	"traveled"	"crossed"	"crossed"	"crossed"	"crossed"	"crossed"	"cross"	"crossed"	"traveled"	"traveled"	"traveled"	"traveled"	"traveled"	"cross"	"crossed"	"traveled"	"cross"	"journey"	"crossed"	"crossed"		
"2DM0SPW1INMHMLIONEEAJ6BFNI5G3I"	"25D2JE1M7PKKF8JGAZQAK04LZYTXQE"	"designation"	"assignment"	"class"	"name"	"label"	"name"	"assignment"	"name"	"title"	"name"	"identification"	"title"	"role"	"title"	"description"	"label"	"classification"	"title"	"identification"	"title"	"name"	"class"	"name"	"title"	"symbol"	"specify"	"place"	"name"	"sign"	"category"	"position"	"description"	"name"	"classification"	"named"	"label"	"identifier"	"marking"	"label"	"category"	"name"	"naming"	"name"	"title"	"name"	"label"	"selection"	"title"	"name"	"identity"	"name"	"name"		
"2ZS0RYNJ92NJQ9SPFXAT2HYW3JJ5AL"	"25D2JE1M7PKKF8JGAZQAK04LZYTXQE"	"convince"	"persuade"	"prove"	"persuade"	"persuade"	"persuade"	"persuade"	"persuade"	"persuade"	"persuade"	"assure"	"persuade"	"assure"	"persuade"	"prove"	"sway"	"persuade"	"sway"	"persuade"	"persuade"	"sway"	"guide"	"explain"	"persuade"	"pressure"	"persuade"	"prove"	"sway"	"encourage"	"sway"	"show"	"sell"	"teach"	"explain"	"win over"	"turn"	"prove"	"win over"	"persuade"	"sway"	"sell"	"persuade"	"persuade"	"persuade"	"persuade"	"prove"	"change"	"sway"	"persuade"	"sway"	"persuade"	"persuade"		
"2Y0T3HVWAVKICPF3UDS7AZ99RKWNF6"	"25D2JE1M7PKKF8JGAZQAK04LZYTXQE"	"subsequently"	"afterwards"	"afterwards"	"afterward"	"later"	"afterward"	"simultaneously"	"afterward"	"then"	"after"	"after"	"following"	"therefore"	"after"	"next"	"next"	"after"	"afterward"	"ultimately"	"then"	"so"	"consequently"	"later"	"now"	"after"	"before"	"afterwards"	"afterwards"	"later"	"afterwards"	"eventually"	"following"	"later"	"afterward"	"afterwords"	"after"	"after"	"afterward"	"thereafter"	"afterwards"	"next"	"next"	"parallel"	"after"	"after"	"after"	"after"	"next"	"after"	"following"	"later"	"after"		
"2ZZPCGJ2D21O9JXHLBAPXSI2L145BG"	"25D2JE1M7PKKF8JGAZQAK04LZYTXQE"	"appointed"	"assigned"	"assigned"	"chose"	"chose"	"assigned"	"assigned"	"assigned"	"assigned"	"awarded"	"chosen"	"designated"	"granted"	"elected"	"assigned"	"assigned"	"chosen"	"chosen"	"made"	"made"	"assigned"	"picked"	"named"	"selected"	"assign"	"chose"	"assigned"	"made"	"assigned"	"assigned"	"picked"	"named"	"named"	"named"	"assigned"	"picked"	"selected"	"named"	"chosen"	"assigned"	"selected"	"chosen"	"assigned"	"chosen"	"assigned"	"designated"	"became"	"titled"	"assigned"	"tasked"	"assigned"	"assigned"		
"26OAUC26DG67JOPNZB6K8COK3M45CN"	"25D2JE1M7PKKF8JGAZQAK04LZYTXQE"	"abolished"	"ban"	"ended"	"removed"	"destroyed"	"ended"	"ended"	"removed"	"cancel"	"removed"	"ended"	"ended"	"canceled"	"stopped"	"stopped"	"banned"	"banished"	"stop"	"ended"	"stop"	"eliminated"	"canceled"	"banned"	"ended"	"ended"	"ban"	"ended"	"end"	"ended"	"ended"	"expelled"	"eliminate"	"ended"	"ended"	"rid"	"stopped"	"banned"	"banned"	"stopped"	"ended"	"banned"	"erased"	"stopped"	"ended"	"prevented"	"canceled"	"terminated"	"scrapped"	"ended"	"canceled"	"banned"	"ended"		
"2EPH57DZKPFEA18XLOD2DL8IAQPD35"	"25D2JE1M7PKKF8JGAZQAK04LZYTXQE"	"noted"	"stated"	"mentioned"	"mentioned"	"mentioned"	"noticed"	"called"	"explained"	"distinguished"	"noticed"	"marked"	"famous"	"wrote"	"pointed out"	"mentioned"	"said"	"mentioned"	"famous"	"stated"	"said"	"said"	"indicated"	"mentioned"	"said"	"said"	"heard"	"marked"	"acknowledged"	"told"	"heard"	"mentioned"	"observed"	"commented"	"mentioned"	"recorded"	"said"	"notice"	"mentioned"	"mentioned"	"mentioned"	"mentioned"	"mentioned"	"mentioned"	"mentioned"	"brought up"	"mentioned"	"record"	"written"	"mentioned"	"mentioned"	"annotated"	"mentioned"		
"26DH8MZ9O9Z6QJWJQLQHPRRLGTQ09G"	"25D2JE1M7PKKF8JGAZQAK04LZYTXQE"	"prestigious"	"respected"	"important"	"great"	"popular"	"respected"	"popular"	"celebrated"	"respected"	"notable"	"respected"	"respectable"	"classy"	"respected"	"respectable"	"popular"	"distinguished"	"honorable"	"respected"	"respected"	"special"	"major"	"respected"	"distinguished"	"important"	"respected"	"famous"	"great"	"famous"	"famous"	"famous"	"ethical"	"honored"	"respected"	"elite"	"respected"	"respected"	"respected"	"admired"	"important"	"famous"	"reputable"	"famous"	"distinguished"	"great"	"important"	"famous"	"renowned"	"famous"	"respected"	"notable"	"respected"		
"2V9SQV66RLPHOGV1Z71VSI62OMG5DN"	"25D2JE1M7PKKF8JGAZQAK04LZYTXQE"	"inaugural"	"starting"	"beginning"	"starting"	"opening"	"initial"	"opening"	"beginning"	"initiate"	"first"	"start"	"initial"	"first"	"initiation"	"initial"	"begin"	"new venture"	"opening"	"beginning"	"beginning"	"starting"	"initiation"	"first"	"opening"	"first"	"induction"	"moving"	"sprinting"	"first"	"leading"	"first"	"first"	"opening"	"debut"	"first"	"starting"	"opening"	"introductory"	"first"	"beginning"	"initial"	"first"	"start"	"begin"	"debut"	"starting"	"primary"	"beginning"	"beginning"	"enrollment"	"induction"	"first"		
"2K80JG5TYMNC2L3ODQ0S0SHX249LH0"	"25D2JE1M7PKKF8JGAZQAK04LZYTXQE"	"manufactures"	"makes"	"makes"	"makes"	"makers"	"makes"	"makes"	"makes"	"builds"	"builds"	"made"	"makes"	"makings"	"makes"	"makes"	"makes"	"molds"	"builds"	"makes"	"makes"	"makes"	"makes"	"creates"	"produced"	"makes"	"makes"	"create"	"creates"	"makers"	"construct"	"builds"	"makes"	"builds"	"makes"	"create"	"creates"	"produces"	"build"	"makes"	"makes"	"makes"	"constructs"	"creates"	"makes"	"creates"	"makes"	"makes"	"makes"	"makes"	"makes"	"makes"	"makes"		
"22H6R70G5R98JVBNZPYW0STNZF6QAJ"	"25D2JE1M7PKKF8JGAZQAK04LZYTXQE"	"dismissed"	"fired"	"fired"	"fired"	"fired"	"released"	"fired"	"fired"	"released"	"terminated"	"removed"	"shooed"	"rejected"	"end"	"fired"	"dropped"	"fired"	"fire"	"fired"	"fired"	"expelled"	"fired"	"fired"	"fired"	"fired"	"fired"	"released"	"removed"	"terminated"	"banish"	"terminated"	"fired"	"fired"	"fired"	"ended"	"fired"	"fired"	"fired"	"fired"	"discarded"	"discharged"	"terminated"	"expelled"	"fired"	"fired"	"banished"	"release"	"fired"	"fired"	"fired"	"relieved"	"fired"		
"2UJX3V0FK0COQPBY5XYPSK9LSZWNG5"	"25D2JE1M7PKKF8JGAZQAK04LZYTXQE"	"emerged"	"discovered"	"began"	"appeared"	"arose"	"appeared"	"take"	"appear"	"appeared"	"appeared"	"appeared"	"appeared"	"arose"	"appeared"	"appear"	"appeared"	"came out"	"appeared"	"appeared"	"appear"	"appeared"	"appear"	"appear"	"came"	"surfaced"	"showed"	"appeared"	"shown"	"showed"	"arose"	"appeared"	"shown"	"appeared"	"appeared"	"came out"	"appeared"	"surfaced"	"appeared"	"surfaced"	"surfaced"	"arrive"	"showed"	"appeared"	"appear"	"began"	"rise"	"came"	"appeared"	"appear"	"came out"	"appeared"	"appeared"		
"2GOKW4ZMAZHHXEDZUBFNVVRH2N7I9T"	"25D2JE1M7PKKF8JGAZQAK04LZYTXQE"	"rotund"	"large"	"round"	"chubby"	"chunky"	"round"	"fat"	"obese"	"fat"	"round"	"obese"	"fat"	"obese"	"obese"	"chubby"	"obese"	"huge"	"chubby"	"obese"	"obese"	"obese"	"overweight"	"round"	"fat"	"obese"	"large"	"fatty"	"obese"	"chubby"	"chubby"	"overweight"	"broad"	"large"	"obese"	"fat"	"obese"	"large"	"round"	"plump"	"fat"	"fat"	"fat"	"chubby"	"large"	"obese"	"fat"	"hefty"	"chubby"	"obese"	"big"	"pudgy"	"obese"		
"2DDOX7H57DZKV26OIR4HLM25MB80AV"	"25D2JE1M7PKKF8JGAZQAK04LZYTXQE"	"apportion"	"divide"	"share"	"divide"	"portion"	"allocate"	"distribute"	"allot"	"distribute"	"divide"	"split"	"split"	"separate"	"division"	"distributed"	"dole out"	"share"	"divide up"	"deal"	"give"	"split up"	"share"	"pay"	"divide"	"distribute"	"meant for"	"split"	"allocate"	"split"	"distribute"	"ration"	"give out"	"group"	"share"	"assign"	"give"	"ration"	"distribution"	"cut"	"divide"	"give"	"distribute"	"distribute"	"divide"	"share"	"distributed"	"divvy"	"share"	"distribute"	"divide"	"divide up"	"divide"	"distribute"	
"2DNXH0JPPSI2QL69P3G7DKLM7Z9NH4"	"25D2JE1M7PKKF8JGAZQAK04LZYTXQE"	"safeguard"	"protect"	"protect"	"protect"	"protect"	"protect"	"protect"	"insure"	"protect"	"protect"	"protect"	"defend"	"protect"	"protect"	"protect"	"protect"	"protect"	"protect"	"protect"	"protect"	"protect"	"protect"	"protect"	"child proof"	"care"	"protect"	"guard"	"protect"	"protect"	"protect"	"protect"	"protect"	"protect"	"protect"	"comfort"	"protect"	"guard"	"protect"	"protect"	"protect"	"protect"	"protect"	"protect"	"guard"	"protect"	"guard"	"secure"	"protect"	"guard"	"guard"	"protect"	"protect"		
"2RHHHRRLFQ0OTANBLCBHW9EGSEWPG2"	"25D2JE1M7PKKF8JGAZQAK04LZYTXQE"	"suspended"	"stopped"	"stopped"	"stopped"	"ended"	"delayed"	"ended"	"stopped"	"stopped"	"stopped"	"stop"	"hanged"	"stopped"	"halted"	"freeze"	"halted"	"hold"	"paused"	"stopped"	"stopped"	"held up"	"tripped"	"terminated"	"stopped"	"put off"	"stopped"	"stopped"	"stop"	"stopped"	"stopped"	"stopped"	"paused"	"delay"	"stopped"	"stopped"	"stopped"	"halted"	"ended"	"on hold"	"stopped"	"halted"	"halted"	"stopped"	"halted"	"halted"	"paused"	"stopped"	"stopped"	"held off"	"paused"	"stopped"	"stopped"		
"2HNBMJTUHYW2MGHTVLYSDWM17CONIX"	"25D2JE1M7PKKF8JGAZQAK04LZYTXQE"	"commandeer"	"snatched"	"hijack"	"grab"	"grab"	"take"	"take"	"snatched"	"steal"	"take"	"seize"	"steal"	"acquire"	"seize"	"leader"	"take"	"steal"	"seize"	"grab"	"grab"	"take"	"take"	"take"	"hijack"	"capture"	"seize"	"rule"	"steal"	"chief"	"take"	"take"	"seize"	"hijacked"	"hijack"	"take over"	"hijack"	"take"	"grab"	"steel"	"take"	"hijack"	"take"	"take over"	"steal"	"take"	"control"	"seize"	"control"	"grab"	"seize"	"take"	"take"		
"2NORLPHIT3HV2XN4MHTNRQ2185PIA8"	"25D2JE1M7PKKF8JGAZQAK04LZYTXQE"	"replicate"	"copy"	"copy"	"duplicate"	"copy"	"copy"	"reappear"	"copy"	"copy"	"repeat"	"duplicate"	"copy"	"reproduce"	"copy"	"copy"	"copy"	"copy"	"create"	"copy"	"copy"	"twin"	"repeat"	"copy"	"copy"	"reproduce"	"copy"	"clone"	"repeat"	"duplicate"	"duplicate"	"copy"	"copy"	"make"	"copy"	"duplicate"	"copy"	"copy"	"copy"	"copies"	"copy"	"copy"	"copy"	"copy"	"copy"	"duplicate"	"remake"	"copy"	"duplicate"	"copied"	"copy"	"copy"	"copy"		
"22OVCPWZ9RND25GF53YSV3DTHXRQBE"	"25D2JE1M7PKKF8JGAZQAK04LZYTXQE"	"devastated"	"crushed"	"destroyed"	"destroyed"	"destroyed"	"destroyed"	"destroyed"	"destroyed"	"ruined"	"shocked"	"destroy"	"hurt"	"ruined"	"damaged"	"crushed"	"destroyed"	"destroyed"	"trashed"	"broken"	"destroyed"	"destroy"	"destroy"	"destroyed"	"saddened"	"ruined"	"broke"	"hurt"	"destroyed"	"ruined"	"crushed"	"destroyed"	"destroyed"	"destroyed"	"ruined"	"destroyed"	"destroyed"	"defeated"	"destroyed"	"destroyed"	"ruined"	"smashed"	"trash"	"ruined"	"ruined"	"destroyed"	"destroyed"	"spoiled"	"devour"	"saddened"	"destroyed"	"destroyed"	"destroyed"		
"2O8EOZFYQS1CYGE8J8ID04IC2HOLIT"	"25D2JE1M7PKKF8JGAZQAK04LZYTXQE"	"odor"	"smell"	"smell"	"stink"	"smell"	"smell"	"smell"	"stench"	"smell"	"smell"	"smell"	"stink"	"smelly"	"smell"	"smell"	"smell"	"smell"	"smell"	"aroma"	"smell"	"smell"	"smell"	"smell"	"smell"	"smell"	"smell"	"smell"	"smell"	"aroma"	"smell"	"smell"	"smell"	"smell"	"aroma"	"smell"	"smell"	"smell"	"smell"	"smell"	"smell"	"smell"	"smell"	"smell"	"smell"	"smell"	"smell"	"smell"	"scent"	"smell"	"smell"	"smell"	"smell"		
"29DGULF395SWCA8LJ3UN6NJBZIRQCL"	"25D2JE1M7PKKF8JGAZQAK04LZYTXQE"	"relocated"	"moved"	"moved"	"moved"	"moved"	"transfer"	"moved"	"moved"	"moved"	"moved"	"moved"	"moved"	"moved"	"moved"	"repositioned"	"moved"	"moved"	"moved"	"shifted"	"moved"	"replaced"	"moved"	"moved"	"moved"	"moved"	"shift"	"moved"	"moved"	"moved"	"moved"	"moved"	"moved"	"moved"	"moved"	"moved"	"moved"	"moved"	"transferred"	"moved"	"shifted"	"moved"	"moved"	"moved"	"moved"	"moved"	"move"	"move"	"moved"	"moved"	"moved"	"moved"	"moved"		
"2GRO9Z6KW4ZMGM91V2CFY0ONOYH5EG"	"25D2JE1M7PKKF8JGAZQAK04LZYTXQE"	"venues"	"places"	"places"	"places"	"places"	"events"	"places"	"locations"	"places"	"sites"	"places"	"places"	"locations"	"locations"	"meeting"	"locations"	"places"	"shows"	"places"	"places"	"places"	"settings"	"places"	"sites"	"places"	"site"	"locales"	"places"	"places"	"place"	"sites"	"locations"	"places"	"places"	"places"	"locations"	"places"	"locations"	"setting"	"area"	"locations"	"locales"	"places"	"locations"	"location"	"locations"	"location"	"places"	"places"	"place"	"locations"	"places"		
"22ESBRI8IUB24H1SNSJTTB3L1I1G43"	"25D2JE1M7PKKF8JGAZQAK04LZYTXQE"	"incorporated"	"join"	"merged"	"swallowed"	"joined"	"added"	"united"	"combined"	"merged"	"united"	"united"	"merge"	"combine"	"merged"	"used"	"togethered"	"merged"	"joined"	"combine"	"combined"	"mixed"	"merge"	"blended"	"merged"	"mixed"	"combined"	"joined"	"merged"	"mixed"	"melded"	"blend"	"combined with"	"absorbed"	"absorb"	"combined"	"formed"	"combined"	"absorbed"	"joined"	"combined"	"fused"	"united"	"absorbed"	"merged"	"joined with"	"joined"	"included"	"joined"	"join"	"added to"	"united"	"merged"		
"2FKRCJK63ZVE94JKO59AY9JL6USX8I"	"25D2JE1M7PKKF8JGAZQAK04LZYTXQE"	"elongated"	"lengthened"	"extended"	"long"	"long"	"stretched"	"lengthened"	"extended"	"stretched"	"extended"	"stretched"	"extended"	"stretched"	"extended"	"stretched"	"lengthened"	"stretched"	"extended"	"longer"	"lengthened"	"long"	"slender"	"lengthened"	"stretched"	"lengthened"	"extended"	"stretched"	"lengthened"	"oval"	"lengthened"	"thin"	"longer"	"oval"	"long"	"extended"	"stretched"	"stretched"	"lengthy"	"long"	"stretched"	"stretched"	"lengthy"	"lengthened"	"extended"	"stretched"	"stretched"	"stretched"	"stretched"	"lengthened"	"long"	"stretched"	"stretched"		
"2NVG67D1X3V0L7SWSVTJM1M7QNAIB3"	"25D2JE1M7PKKF8JGAZQAK04LZYTXQE"	"enhanced"	"upgraded"	"increased"	"improved"	"improved"	"helped"	"helped"	"better"	"improved"	"improved"	"increased"	"beautified"	"improved"	"improved"	"improved"	"elevated"	"updated"	"improve"	"boosted"	"improved"	"made better"	"magnified"	"improved"	"augment"	"improved"	"improved"	"increased"	"boost"	"bettered"	"improved"	"better"	"increased"	"added"	"better"	"boosted"	"improved"	"increased"	"improved"	"beautify"	"improved"	"elevated"	"better"	"boosted"	"added"	"improve"	"improved"	"upgrade"	"improved"	"upgraded"	"increased"	"improved"	"improved"		
"23H9O9Z6KW4ZSXR1L2ILNQ0OOQLD4Q"	"25D2JE1M7PKKF8JGAZQAK04LZYTXQE"	"purchase"	"buy"	"buy"	"buy"	"buy"	"buy"	"buy"	"buy"	"buy"	"buy"	"buy"	"buy"	"buy"	"buy"	"buy"	"buy"	"buy"	"buy"	"buy"	"buy"	"buy"	"buy"	"buy"	"buy"	"buy"	"buy"	"buy"	"buy"	"buy"	"buy"	"buy"	"buy"	"bought"	"buy"	"buy"	"buy"	"buy"	"buy"	"buy"	"buy"	"buy"	"buy"	"buy"	"buy"	"buy'"	"buy"	"buy"	"buy"	"buy"	"buy"	"buy"	"buy"		
"2RDKI62NJQ21DPRTD186JKLCWH0UMB"	"25D2JE1M7PKKF8JGAZQAK04LZYTXQE"	"utilize"	"use"	"use"	"use"	"use"	"use"	"use"	"use"	"use"	"use"	"use"	"use"	"using"	"use"	"use"	"use"	"use"	"work"	"use"	"employ"	"use"	"apply"	"use"	"use"	"use"	"apply"	"use"	"use"	"use"	"use"	"use"	"use"	"use"	"use"	"use"	"use"	"use"	"use"	"use"	"use"	"use"	"use"	"use"	"use"	"use"	"use"	"assign"	"apply"	"use"	"use"	"apply"	"use"		
"2UK1O3W5XH0JVCK26VPEXLSP88AICA"	"25D2JE1M7PKKF8JGAZQAK04LZYTXQE"	"resides"	"lives"	"lives"	"lives"	"lives"	"lives"	"lives"	"lives"	"lives"	"lives"	"lives"	"lives"	"lives"	"lives"	"lives"	"lives"	"lives"	"lives"	"lives"	"lives"	"lives"	"lives"	"lives"	"lives"	"lives"	"lives"	"lives"	"lives"	"lives"	"lives"	"lives"	"lives"	"lives"	"lives"	"stays"	"lives"	"lives"	"lives"	"lives"	"dwells"	"lives"	"lives"	"lives"	"lives"	"lives"	"lives"	"lives"	"lives"	"lives"	"lives"	"lives"	"lives"		
"2CQER9Y8TNKISMK69V6H02OM1S67UE"	"25D2JE1M7PKKF8JGAZQAK04LZYTXQE"	"addresses"	"speaks"	"talks"	"speaks"	"speaks"	"relates"	"speaks"	"states"	"delivers"	"pontificates"	"talks"	"approaches"	"speaks"	"approaches"	"inform"	"lectures"	"speaks"	"deals with"	"handles"	"greets"	"speaks to"	"act"	"speaks"	"speaks"	"hail"	"talks to"	"shows"	"calls"	"speaks"	"speaks"	"points"	"discusses"	"talks"	"mentions"	"speaks"	"informs"	"discusses"	"focuses on"	"greet"	"approaches"	"talks to"	"talks"	"greets"	"discuss"	"talk"	"talks"	"responds"	"aims"	"express"	"talks about"	"handles"	"speaks"		
"2NAK9RJ85OZI5196ELGMWOQ5FZF7V3"	"25D2JE1M7PKKF8JGAZQAK04LZYTXQE"	"roaming"	"wandering"	"wandering"	"wandering"	"walking"	"bumming"	"wandering"	"moving"	"wandering"	"moving"	"wandering"	"wandering"	"searching"	"wandering"	"drifting"	"wandering"	"walking"	"wandering"	"wandering"	"search"	"wandering"	"wandering"	"moving"	"moving"	"searching"	"moving"	"wandering"	"moving"	"wandering"	"wandering"	"wandering"	"wandering"	"wandering"	"wondering"	"wandering"	"wandering"	"wandering"	"searching"	"straying"	"wandering"	"wandering"	"wandering"	"wandering"	"wandering"	"wandering"	"wandering"	"wandering"	"wandering"	"wander"	"wander"	"wandering"	"wandering"		
"20KD21O3W5XH66H9WTTK6EPLTSXAG8"	"25D2JE1M7PKKF8JGAZQAK04LZYTXQE"	"precepts"	"morals"	"principles"	"morals"	"manners"	"manages"	"rules"	"rules"	"laws"	"behaviors"	"rules"	"manners"	"canon"	"codes"	"ideal"	"law"	"rules"	"ethic"	"guidelines"	"principle"	"morals"	"rules"	"rules"	"rules"	"decree"	"rules"	"rules"	"beliefs"	"laws"	"rules"	"guideline"	"behavior"	"rules"	"codes"	"ideals"	"guidelines"	"ethics"	"rules"	"laws"	"rule"	"mottoes"	"morals"	"rules"	"rules"	"decree"	"rule"	"rules"	"rules"	"rules"	"guideline"	"rules"	"rules"		
"2U6BDDP8PJWK005S1X23Y39Z1EWG58"	"25D2JE1M7PKKF8JGAZQAK04LZYTXQE"	"genuine"	"real"	"real"	"real"	"true"	"real"	"real"	"real"	"authentic"	"real"	"sincere"	"honest"	"real"	"real"	"true"	"real"	"real"	"real"	"real"	"real"	"honest"	"real"	"real"	"real"	"real"	"real"	"real"	"real"	"real"	"real"	"real"	"real"	"true"	"true"	"real"	"honest"	"real"	"real"	"real"	"honest"	"real"	"real"	"real"	"real"	"real"	"real"	"real"	"real"	"real"	"real"	"true"	"real"		
"2CPWGKCCVLL3IXVNQS1PY4C9OTKV5C"	"25D2JE1M7PKKF8JGAZQAK04LZYTXQE"	"facilitating"	"helping"	"helping"	"easing"	"helping"	"helping"	"helping"	"helping"	"relieving"	"easing"	"enabling"	"aiding"	"better"	"simplify"	"handling"	"easing"	"simplifying"	"helping"	"helping"	"simplifying"	"simplifying"	"aid"	"helping"	"helping"	"helping"	"helping"	"easing"	"helping"	"aid"	"helped"	"helping"	"helping"	"easing"	"help"	"easing"	"explaining"	"helping"	"easing"	"helping"	"helping"	"helping"	"furthering"	"easing"	"helping"	"helping"	"assisting"	"helping"	"simplifying"	"ease"	"helping"	"simplifying"	"helping"		
"2J1E1M7PKK9LXJY83L30CLZXQOYSZB"	"25D2JE1M7PKKF8JGAZQAK04LZYTXQE"	"hypotheses"	"guesses"	"idea"	"idea"	"guess"	"theories"	"theory"	"guesses"	"theory"	"guesses"	"guesses"	"guesses"	"guesses"	"idea"	"idea"	"theory"	"guess"	"idea"	"ideas"	"idea"	"theory"	"guesses"	"guess"	"guess"	"suggestion"	"theory"	"prediction"	"idea"	"theories"	"theory"	"ideas"	"explanations"	"explanation"	"belief"	"ideas"	"theory"	"theory"	"theory"	"presumptions"	"theory"	"guess"	"supposition"	"ideas"	"theories"	"theory"	"guess"	"beliefs"	"guess"	"belief"	"idea"	"assumption"	"theory"		
"27G2RCJK63ZVKQ9B4VLIIQ9JM8H7WD"	"25D2JE1M7PKKF8JGAZQAK04LZYTXQE"	"maintained"	"kept"	"upkeep"	"managed"	"looked after"	"cared"	"fixed"	"kept"	"upkept"	"continued"	"kept"	"kept"	"kept"	"kept"	"kept"	"held"	"cared"	"kept"	"preserved"	"purported"	"upheld"	"kept"	"stood"	"conserved"	"kept"	"cleaned"	"kept"	"conserved"	"held"	"continue"	"kept"	"preserved"	"kept"	"continued"	"nurture"	"calm"	"sustain"	"kept"	"kept"	"continued"	"kept"	"renewed"	"preserved"	"preserved"	"kept"	"looked after"	"took care of"	"kept"	"preserved"	"keep"	"continued"	"kept"		
"2DYKCCVLL3CA9QE1E0H4K9NQVAN7X6"	"25D2JE1M7PKKF8JGAZQAK04LZYTXQE"	"circuits"	"tracks"	"laps"	"tracks"	"rounds"	"tracks"	"tracks"	"racetrack"	"laps"	"routes"	"tracks"	"racetrack"	"tracks"	"tracks"	"tracks"	"tracks"	"racetracks"	"tracks"	"paths"	"tracks"	"laps"	"tracks"	"tracks"	"tracks"	"racetracks"	"course"	"racecourse"	"tracks"	"laps"	"tracks"	"course"	"laps"	"tracks"	"tracks"	"routes"	"racetrack"	"courses"	"tracks"	"tracks"	"laps"	"course"	"racetracks"	"racetrack"	"racetracks"	"tracks"	"tracks"	"track"	"racetrack"	"track"	"racetrack"	"courses"	"tracks"		
"2H6NNVRH1KHOF18BFIXN39LKXANYPA"	"25D2JE1M7PKKF8JGAZQAK04LZYTXQE"	"flee"	"leave"	"run"	"left"	"escape"	"run"	"escape"	"escape"	"leave"	"run"	"escape"	"scram"	"escape"	"escape"	"run"	"escape"	"run"	"run"	"run"	"run"	"run away"	"run"	"run"	"run"	"dash"	"escape"	"escape"	"scat"	"run"	"escape"	"run off"	"bolt"	"run"	"run away"	"leave"	"run"	"take off"	"sprint"	"leave"	"run"	"run"	"leave"	"leave"	"ran"	"run"	"run"	"escape"	"abscond"	"run"	"escape"	"escape"	"run"		
"2J1ENLVWJ5OPHNQFKAZYUWB7FS01TL"	"25D2JE1M7PKKF8JGAZQAK04LZYTXQE"	"exhibit"	"showed"	"display"	"show"	"display"	"display"	"shows"	"show"	"show"	"show"	"show"	"show"	"display"	"display"	"show"	"show"	"display"	"display"	"display"	"show"	"show"	"display"	"show"	"display"	"display"	"show"	"show"	"displayed"	"present"	"show"	"display"	"shows"	"show"	"demo"	"show"	"show"	"show"	"display"	"show"	"show"	"show"	"show"	"show"	"show"	"show"	"show"	"shows"	"show"	"show"	"show"	"show"	"show"		
"2NKNJQ2172Z9FD9QFVCC3EBU269YQ1"	"25D2JE1M7PKKF8JGAZQAK04LZYTXQE"	"introducing"	"suggest"	"showing"	"adding"	"presenting"	"presenting"	"presenting"	"bringing"	"presenting"	"greeting"	"welcoming"	"presenting"	"presenting"	"meeting"	"presenting"	"present"	"presenting"	"opening"	"show"	"familiarizing"	"presenting"	"showing"	"herald"	"starting"	"establish"	"originate"	"meeting"	"beginning"	"showing"	"opening"	"meet"	"putting"	"presenting"	"announcing"	"adding"	"import"	"present"	"acquainting"	"bringing"	"injecting"	"welcoming"	"starting"	"presenting"	"welcoming"	"acquainting"	"introduce"	"announcing"	"showing"	"presenting"	"announcing"	"establishing"	"presenting"		
"21KJE1M7PKK9REOQSA1C84LZYSBYR2"	"25D2JE1M7PKKF8JGAZQAK04LZYTXQE"	"corporation"	"company"	"company"	"business"	"company"	"company"	"company"	"company"	"union"	"company"	"business"	"partnership"	"company"	"company"	"business"	"business"	"business"	"business"	"group"	"business"	"firm"	"company"	"business"	"company"	"company"	"company"	"business"	"conglomerate"	"business"	"company"	"company"	"company"	"company"	"company"	"company"	"business"	"business"	"business"	"company"	"company"	"company"	"company"	"crew"	"company"	"company"	"business"	"business"	"business"	"company"	"business"	"company"	"company"		
"25HFYQS1CSTMU2PBH3VIK1EYEQNOLR"	"25D2JE1M7PKKF8JGAZQAK04LZYTXQE"	"recipient"	"receiver"	"receiver"	"receiver"	"receiver"	"receiver"	"receiver"	"receiver"	"heir"	"receiver"	"beneficiary"	"receiver"	"taker"	"receiver"	"receiver"	"receiver"	"person"	"receiver"	"receiver"	"received"	"receiver"	"owner"	"receiver"	"receiver"	"heir"	"receiver"	"receiver"	"lucky person"	"donee"	"receiver"	"receiver"	"receiver"	"receiver"	"taker"	"receiver"	"receiver"	"receiver"	"receiver"	"taker"	"acceptor"	"receiving"	"receiver"	"receiver"	"awardee"	"receiver"	"heir"	"receiver"	"receiver"	"receiver"	"receiver"	"taker"	"receiver"	"receiver"	
"21MF0OHOVR14OKC86W02PECWB9O45A"	"25D2JE1M7PKKF8JGAZQAK04LZYTXQE"	"demolished"	"destroyed"	"destroy"	"smashed"	"destroyed"	"destroyed"	"decimated"	"ruined"	"destroyed"	"crushed"	"ruined"	"destroyed"	"beat"	"destroyed"	"wrecked"	"destroyed"	"destroyed"	"destroyed"	"broken"	"knocked down"	"pulverized"	"destroyed"	"destroyed"	"wrecked"	"wrecked"	"ruin"	"crush"	"destroyed"	"destroyed"	"destroyed"	"totaled"	"ruined"	"crushed"	"ruined"	"tore"	"wrecked"	"destroyed"	"ruin"	"smashed"	"destroyed"	"destroyed"	"destroy"	"destroyed"	"destroyed"	"destroyed"	"wrecked"	"destroyed"	"destroyed"	"destroyed"	"destroyed"	"destroyed"	"destroyed"		
"21E4ZMAZHHRRR2IKSYEVZH1KIRZBK7"	"25D2JE1M7PKKF8JGAZQAK04LZYTXQE"	"influx"	"entry"	"rush"	"entry"	"flowing"	"flood"	"wave"	"arrival"	"inflow"	"arrival"	"entrance"	"inflow"	"arrival"	"overwhelm"	"arrival"	"arrival"	"flow"	"arrival"	"arrival"	"flowing"	"rush"	"arrival"	"stream"	"flow"	"growth"	"entrance"	"inflow"	"flood"	"flood"	"arrival"	"inflow"	"starts"	"stream"	"entry"	"inflow"	"flow"	"surge"	"flood"	"arrival"	"arrival"	"arrival"	"entrance"	"stream"	"inlet"	"arrival"	"inflow"	"addition"	"more"	"flow"	"arrival"	"flowing"	"arrival"		
"2M38I9NZW6HE5TGY81N71869HXCWMD"	"25D2JE1M7PKKF8JGAZQAK04LZYTXQE"	"meander"	"lazily"	"roam"	"wander"	"zigzag"	"roam"	"curve"	"stray"	"bend"	"curve"	"curve"	"bend"	"walk"	"wander"	"roam"	"drift"	"sway"	"drift"	"roam"	"drift"	"flow"	"curve"	"bend"	"wind"	"bend"	"twist"	"wander"	"wander"	"wander"	"wander"	"bank"	"twisted"	"snake"	"wander"	"turned"	"zigzag"	"wind"	"bend"	"twist"	"wander"	"bend"	"wander"	"bend"	"zigzag"	"swerve"	"curve"	"change"	"wander"	"wander"	"drift"	"turn"	"wander"		
"23I5BMJTUHYW83L9D21705WM290HMZ"	"25D2JE1M7PKKF8JGAZQAK04LZYTXQE"	"retain"	"kept"	"keep"	"keep"	"save"	"keep"	"hold"	"keep"	"keep"	"maintain"	"hold"	"staying"	"keep"	"keep"	"keep"	"stuck"	"keep"	"keep"	"stay"	"keep"	"hold"	"keep"	"keep"	"keep"	"keep"	"hold"	"keep"	"clutch"	"keep"	"keep"	"keep"	"rest"	"keep"	"bear"	"keep"	"keep"	"keep"	"keep"	"keep"	"keep"	"keep"	"hold"	"have"	"keep"	"clutch"	"kept"	"keep"	"have"	"contain"	"keep"	"keep"	"keep"		
"2G2PFE4EGDHDSPX5CT0N7W6HF2X9JX"	"25D2JE1M7PKKF8JGAZQAK04LZYTXQE"	"vitality"	"energy"	"vigor"	"energy"	"liveliness"	"energy"	"fitness"	"strength"	"energy"	"energetic"	"vigor"	"health"	"pep"	"energy"	"fitness"	"life"	"health"	"liveliness"	"health"	"vigor"	"health"	"endurance"	"health"	"energy"	"zippy"	"health"	"life"	"energy"	"energy"	"strength"	"energy"	"health"	"strength"	"endurance"	"energy"	"healthiness"	"stamina"	"energy"	"energy"	"passion"	"power"	"energy"	"life"	"health"	"energy"	"endurance"	"health"	"healthy"	"life"	"healthfulness"	"energy"	"energy"		
"2J392HECWA6X9LGWGQRCX5KXQW8JK0"	"25D2JE1M7PKKF8JGAZQAK04LZYTXQE"	"aired"	"played"	"broadcast"	"played"	"broadcast"	"transmitted"	"broadcasted"	"transmitted"	"exposed"	"showed"	"shown"	"televised"	"played"	"televised"	"put out"	"shown"	"showed"	"shown"	"transmitted"	"exposed"	"showed"	"showed"	"announced"	"showed"	"showed"	"revealed"	"shown"	"said"	"played"	"transmitted"	"broadcasted"	"went out"	"publish"	"exposed"	"revealed"	"showed"	"displayed"	"played"	"live"	"showed"	"broadcasted"	"broadcast"	"shown"	"shown"	"broadcasted"	"played"	"voiced"	"showed"	"shown"	"played"	"broadcasted"	"showed"		
"2W80ONNVRH1KNB1YK227ENV9MNMWND"	"25D2JE1M7PKKF8JGAZQAK04LZYTXQE"	"merging"	"combining"	"uniting"	"joining"	"uniting"	"combining"	"gluing"	"combining"	"joining"	"combining"	"adding"	"mixing"	"combine"	"combining"	"joining"	"combining"	"combining"	"mixing"	"joining"	"joining"	"meeting"	"join"	"unifying"	"joining"	"combine"	"blend"	"fusing"	"uniting"	"joining"	"unifying"	"coming together"	"combining"	"blending"	"combining"	"combining"	"combining"	"unite"	"uniting"	"joining"	"combining"	"join"	"combining"	"uniting"	"joining"	"combining"	"join"	"joining"	"combining"	"joining"	"combining"	"centralizing"	"combining"		
"2T5HMVHVKCJ07OCMBFA7HKQW74Z46Q"	"25D2JE1M7PKKF8JGAZQAK04LZYTXQE"	"treacherous"	"dangerous"	"untrustworthy"	"dangerous"	"dangerous"	"false"	"dangerous"	"hazardous"	"dangerous"	"menacing"	"mean"	"backstabbing"	"deadly"	"dangerous"	"difficult"	"dangerous"	"dangerous"	"dangerous"	"unreliable"	"bad"	"dangerous"	"scary"	"dangerous"	"dangerous"	"scary"	"bad"	"tricky"	"dangerous"	"dangerous"	"dangerous"	"perilous"	"dangerous"	"unsafe"	"dangerous"	"dangerous"	"nefarious"	"dangerous"	"hazardous"	"dishonest"	"dangerous"	"difficult"	"dangerous"	"dangerous"	"dangerous"	"dangerous"	"dangerous"	"dangerous"	"dangerous"	"malignant"	"dangerous"	"dangerous"	"dangerous"		
"2C8VJ8EBDPGFRTNWT7Q9ZNDWJRMF0O"	"25D2JE1M7PKKF8JGAZQAK04LZYTXQE"	"offense"	"fault"	"wrongdoing"	"crime"	"crime"	"violation"	"crime"	"wrong"	"fault"	"charge"	"insult"	"felony"	"sin"	"job"	"wrongdoing"	"error"	"violation"	"crime"	"wrong"	"crime"	"crime"	"fault"	"fault"	"crime"	"transgression"	"crime"	"crime"	"crime"	"fault"	"foul"	"fault"	"crime"	"transgression"	"wrong"	"crime"	"crime"	"violation"	"crime"	"sin"	"crime"	"wrongdoing"	"insult"	"transgression"	"wrong"	"crime"	"wrong"	"crime"	"crime"	"rude"	"crime"	"trespass"	"crime"		
"2U78PJWKUDD8393NUE0Z8B6UURX9KW"	"25D2JE1M7PKKF8JGAZQAK04LZYTXQE"	"denote"	"express"	"mean"	"announce"	"mean"	"mean"	"show"	"tag"	"mean"	"symbolize"	"imply"	"show"	"mean"	"indicate"	"signify"	"defined"	"show"	"has"	"mark"	"signify"	"refer"	"mean"	"announce"	"mean"	"mark"	"mean"	"mean"	"stand for"	"mark"	"assign"	"mean"	"signify"	"means"	"signify"	"mean"	"mean"	"show"	"show"	"mean"	"express"	"mark"	"signify"	"symbolize"	"mean"	"mean"	"signify"	"mean"	"define"	"symbolize"	"refer"	"designate"	"mean"		
"2OMJ79KQW618TRYE1Q3DC5XCFWDJL3"	"25D2JE1M7PKKF8JGAZQAK04LZYTXQE"	"degenerative"	"declining"	"worsening"	"failure"	"deteriorate"	"decaying"	"worsening"	"wasting"	"chronic"	"weakening"	"failing"	"chronic"	"aging"	"failing"	"wasting"	"sickening"	"worsening"	"weakening"	"fade"	"decline"	"deteriorating"	"continuing"	"worsen"	"wasting"	"wasting away"	"worsen"	"worsening"	"dies"	"disintegrating"	"fall apart"	"failing"	"decaying"	"damaging"	"worsening"	"deteriorate"	"wasting"	"decrepit"	"decay"	"worsen"	"degradative"	"destructive"	"worsening"	"decaying"	"degrading"	"decay"	"destroying"	"crippling"	"corrupt"	"deteriorating"	"destructive"	"wasting"	"worsening"		
"2C73TVOK5UFJBOQRUPFZNYQS2FJ47P"	"25D2JE1M7PKKF8JGAZQAK04LZYTXQE"	"vessels"	"boat"	"boats"	"containers"	"ships"	"boats"	"boats"	"ships"	"ships"	"boat"	"container"	"boats"	"boats"	"boats"	"boats"	"boats"	"ships"	"boats"	"ships"	"boats"	"boats"	"ships"	"boats"	"boats"	"boats"	"ships"	"boat"	"boat"	"boats"	"boats"	"ships"	"boats"	"ships"	"boats"	"ships"	"pots"	"boats"	"ship"	"ships"	"vessels"	"boats"	"ships"	"ships"	"ships"	"boats"	"jugs"	"boats"	"boats"	"boat"	"ships"	"ships"	"boats"		
"27WOZFYQS1CSZ9GZ124SCIC1F13JM5"	"25D2JE1M7PKKF8JGAZQAK04LZYTXQE"	"terminated"	"stopping"	"ended"	"ended"	"ended"	"ended"	"killed"	"fired"	"stopped"	"ended"	"ended"	"fired"	"fired"	"finished"	"over"	"ended"	"ended"	"ended"	"crushed"	"ended"	"stopped"	"ended"	"ended"	"ended"	"ended"	"ended"	"ended"	"ended"	"ended"	"conclude"	"stopped"	"completed"	"ended"	"ended"	"destroyed"	"ended"	"ended"	"ended"	"ended"	"ended"	"completed"	"ended"	"ended"	"fired"	"ended"	"fired"	"abolish"	"killed"	"ended"	"ended"	"ended"	"ended"		
"2BUF806UFBNFYI8EPQU9DSW6OJSF1R"	"25D2JE1M7PKKF8JGAZQAK04LZYTXQE"	"commemorate"	"honor"	"honor"	"celebrate"	"honor"	"memorialize"	"remember"	"celebrate"	"remember"	"honor"	"celebrate"	"honor"	"remember"	"memorialize"	"remember"	"celebrate"	"honor"	"award"	"honor"	"celebrate"	"memorialize"	"remember"	"remember"	"celebrate"	"celebrate"	"remember"	"honor"	"celebrate"	"remember"	"celebrate"	"mark"	"celebrate"	"remember"	"remember"	"remember"	"remember"	"celebrate"	"praise"	"memorialize"	"celebrate"	"honor"	"observe"	"remember"	"remember"	"memorialize"	"remember"	"admire"	"honor"	"memorialize"	"celebrate"	"recognize"	"remember"		
"2YD8ER9Y8TNKO9RCQGBFPS2ON3G6TO"	"25D2JE1M7PKKF8JGAZQAK04LZYTXQE"	"unstable"	"wobbly"	"shaky"	"shaky"	"shaky"	"loose"	"weak"	"shaky"	"erratic"	"weak"	"rocky"	"risky"	"delicate"	"shaky"	"weak"	"shaky"	"weak"	"shaky"	"uneven"	"loose"	"shaky"	"shaky"	"shaky"	"flimsy"	"uncertain"	"wobbly"	"shaky"	"erratic"	"loose"	"weak"	"shaky"	"wobbly"	"shaky"	"shaky"	"weak"	"shaky"	"shaky"	"wobbly"	"shaky"	"unsteady"	"wobbly"	"weak"	"unbalanced"	"unreliable"	"shaky"	"shaky"	"wobbly"	"uneven"	"fickle"	"uneasy"	"insecure"	"shaky"		
"2XE40SPW1INMN3QA8UUNIB6BGP6F28"	"25D2JE1M7PKKF8JGAZQAK04LZYTXQE"	"origin"	"beginning"	"birthplace"	"start"	"basis"	"cause"	"root"	"beginning"	"beginning"	"beginning"	"start"	"beginning"	"source"	"beginning"	"beginning"	"start"	"roots"	"beginning"	"source"	"beginning"	"beginning"	"root"	"start"	"onset"	"start"	"beginning"	"source"	"roots"	"beginning"	"beginning"	"starting"	"root"	"start"	"birthplace"	"beginning"	"home"	"source"	"root"	"beginning"	"birth"	"starting point"	"start"	"beginning"	"beginning"	"start"	"beginning"	"home"	"beginning"	"beginning"	"start"	"beginning"	"beginning"		
"2ECYT3DHJHP4H054KFP8ZSX9Y671UC"	"25D2JE1M7PKKF8JGAZQAK04LZYTXQE"	"novels"	"books"	"books"	"stories"	"books"	"books"	"book"	"books"	"books"	"books"	"books"	"books"	"publication"	"stories"	"book"	"books"	"books"	"books"	"books"	"books"	"books"	"book"	"stories"	"books"	"stories"	"stories"	"stories"	"book"	"books"	"books"	"stories"	"stories"	"books"	"stories"	"books"	"books"	"books"	"books"	"stories"	"stories"	"stories"	"books"	"stories"	"tales"	"books"	"books"	"book"	"books"	"stories"	"fiction"	"stories"	"books"		
"26XE4EGDHDM2B802DYQWEHEZ7R4BLA"	"25D2JE1M7PKKF8JGAZQAK04LZYTXQE"	"eminent"	"grand"	"holy"	"best"	"leader"	"higher"	"distinguished"	"renowned"	"great"	"superior"	"higher"	"prominent"	"important"	"special"	"important"	"prestigious"	"important"	"respected"	"towering"	"celebrated"	"notable"	"famous"	"famous"	"lofty"	"superior"	"famous"	"leader"	"famous"	"important"	"important"	"great"	"prominent"	"outstanding"	"important"	"esteemed"	"great"	"better"	"best"	"remarkable"	"demanding"	"certain"	"above"	"reputable"	"important"	"better"	"respected"	"famous"	"great"	"exceptional"	"royal"	"prominent"	"important"		
"2PW4BLYHVI44UFU4P5ZDVEZSCDG1V1"	"25D2JE1M7PKKF8JGAZQAK04LZYTXQE"	"deadlocked"	"stuck"	"lifeless"	"stuck"	"stuck"	"gridlocked"	"tied"	"stagnant"	"trapped"	"stuck"	"stymied"	"stuck"	"immovable"	"calm"	"unmoved"	"stalemate"	"stuck"	"dead"	"immobilized"	"stuck"	"locked"	"stopped"	"frozen"	"block"	"disagreed"	"tied"	"standoff"	"standstill"	"stopped"	"tied"	"stopped"	"jammed"	"unmovable"	"standoff"	"stuck"	"stopped"	"tied"	"halted"	"stopped"	"tied"	"stuck"	"tired"	"tied"	"stuck"	"tied"	"stuck"	"tie"	"tied"	"stuck"	"stuck"	"stalled"	"stuck"		
"2M5QYN5F3Q0JMSLIQY3W6B49GCIEAV"	"25D2JE1M7PKKF8JGAZQAK04LZYTXQE"	"concepts"	"ideas"	"ideas"	"notions"	"ideas"	"ideas"	"theories"	"ideas"	"ideas"	"ideas"	"ideas"	"ideas"	"thoughts"	"views"	"impressions"	"ideas"	"thoughts"	"job"	"ideas"	"ideas"	"ideas"	"ideas"	"ideas"	"ideals"	"ideas"	"ideas"	"thoughts"	"ideas"	"image"	"ideas"	"ideas"	"idea"	"ideas"	"ideas"	"ideas"	"thoughts"	"ideas"	"thoughts"	"ideas"	"ideas"	"ideas"	"ideas"	"ideas"	"tenants"	"ideas"	"ideas"	"ideas"	"idea"	"ideas"	"theory"	"ideas"	"ideas"		
"2AGMNCWYB49FFFKCL8S1RONSU87RN5"	"25D2JE1M7PKKF8JGAZQAK04LZYTXQE"	"categories"	"groups"	"groups"	"classes"	"group"	"sets"	"labels"	"type"	"groups"	"subsets"	"groupings"	"areas"	"classes"	"group"	"types"	"types"	"groups"	"classes"	"sections"	"type"	"groups"	"types"	"section"	"class"	"groups"	"types"	"families"	"groups"	"groups"	"kinds"	"groups"	"groups"	"types"	"group"	"areas"	"types"	"types"	"groups"	"group"	"groups"	"groups"	"types"	"class"	"group"	"classes"	"groups"	"groupings"	"levels"	"types"	"sections"	"types"	"groups"		
"2ZQIUB2YU98JNFL5FEC0NBJ9JR29LZ"	"25D2JE1M7PKKF8JGAZQAK04LZYTXQE"	"bolster"	"back"	"support"	"aid"	"support"	"support"	"brace"	"help"	"support"	"encourage"	"uphold"	"support"	"help"	"strengthen"	"hold"	"strengthen"	"support"	"boost"	"strengthen"	"support"	"boost"	"reinforce"	"enforce"	"help"	"cheer"	"boost"	"prop"	"better"	"aid"	"hold"	"boost"	"brace"	"raise"	"support"	"help"	"uphold"	"prop"	"strengthen"	"support"	"help"	"support"	"help"	"reinforce"	"strengthen"	"support"	"strengthen"	"boost"	"boost"	"help"	"brace"	"strengthen"	"support"		
"2YWCWA6X3YOCI2SWTGBXXTINJLNONT"	"25D2JE1M7PKKF8JGAZQAK04LZYTXQE"	"estimated"	"guessed"	"appraised"	"guessed"	"guessed"	"guessed"	"guessed"	"guess"	"guessed"	"guess"	"guessed"	"guess"	"approximated"	"guessed"	"guessed"	"guessed"	"guessed"	"guessed"	"approximated"	"guessed"	"guessed"	"assess"	"guessed"	"guess"	"approximated"	"assessed"	"guessed"	"guessed"	"guess"	"guessed"	"guess"	"guessed"	"guessed"	"guessed"	"guessed"	"guessed"	"approximated"	"guessed"	"guessed"	"guessed"	"supposed"	"guess"	"guessed"	"guessed"	"guessed"	"guessed"	"guess"	"guessed"	"calculate"	"guessed"	"guessed"	"guessed"		
"2TOSK9RJ85OZOM61QL1PUOOQ6HN6UF"	"25D2JE1M7PKKF8JGAZQAK04LZYTXQE"	"radiating"	"spreading"	"spreading"	"exuding"	"beaming"	"beaming"	"spreading"	"spreading"	"shining"	"blazing"	"spreading"	"spreading"	"extending"	"glowing"	"glowing"	"spreading"	"exploding"	"spreading"	"beam"	"extending"	"expanding"	"emitting"	"glowing"	"spreading"	"beaming"	"spreading"	"spread"	"extending"	"spreading"	"emitting"	"spreading out"	"emanating"	"scattering"	"spreading"	"expand"	"expanding"	"diffuse"	"spreading"	"circling"	"emanating"	"spread"	"shining"	"spreading"	"spreading"	"emit"	"shining"	"glowing"	"spreading"	"extending"	"emanating"	"spreading out"	"spreading"		
"292MT6YTWX4H94U9FF49HGI6JMI1WB"	"25D2JE1M7PKKF8JGAZQAK04LZYTXQE"	"applied"	"added"	"used"	"adapted"	"used"	"related"	"placed"	"used"	"useful"	"used"	"administered"	"used"	"used"	"placed"	"used"	"used"	"used"	"use"	"used"	"entered"	"tested"	"used"	"employed"	"used"	"tried"	"administer"	"used"	"used"	"used"	"used"	"try"	"placed"	"used"	"used"	"assigned"	"used"	"adapt"	"used"	"made"	"used"	"used"	"used"	"used"	"use"	"tested"	"enforced"	"used"	"joined"	"used"	"used"	"used"	"used"		
"2WW4EGDHDM25RVATRAN6PEZ6PHVCML"	"25D2JE1M7PKKF8JGAZQAK04LZYTXQE"	"atrocious"	"bad"	"terrible"	"displeasing"	"gross"	"terrible"	"terrible"	"awful"	"disgusting"	"awful"	"awful"	"disgusting"	"disgusting"	"awful"	"terrible"	"bad"	"disgusting"	"awful"	"awful"	"horrible"	"terrible"	"horrible"	"awful"	"distasteful"	"horrendous"	"horrible"	"horrible"	"wicked"	"horrible"	"horrible"	"terrible"	"awful"	"disgusting"	"horrible"	"awful"	"terrible"	"awful"	"bad"	"terrible"	"gaudy"	"awful"	"awful"	"awful"	"awful"	"horrible"	"awful"	"bad"	"horrible"	"ugly"	"bad"	"displeasing"	"awful"		
"2I0NMHGYQ4J3TX3QFQDFNOYYJWS9M1"	"25D2JE1M7PKKF8JGAZQAK04LZYTXQE"	"dispersing"	"scattering"	"disbanding"	"spreading"	"spreading"	"separate"	"scrambling"	"scattering"	"casting"	"separating"	"vanishing"	"moving"	"spreading"	"scattering"	"spreading"	"separating"	"separating"	"going away"	"spreading"	"spreading"	"separating"	"splitting up"	"spreading"	"leave"	"separating"	"spreading"	"spreading"	"scattering"	"spreading"	"spreading"	"leaving"	"leaving"	"spread"	"separating"	"separating"	"scattering"	"scattering"	"meted"	"separating"	"separating"	"leaving"	"leaving"	"spreading"	"out"	"scatter"	"separate"	"scatter"	"distancing"	"banish"	"giving away"	"scatter"	"spreading"		
"2S5FSVGULF39BFOQRRSF03NYOM29N1"	"25D2JE1M7PKKF8JGAZQAK04LZYTXQE"	"employees"	"workers"	"workers"	"attendant"	"workers"	"workers"	"workers"	"associates"	"laborers"	"workers"	"workers"	"workers"	"workers"	"staff"	"workers"	"staff"	"workers"	"workers"	"workers"	"workers"	"workers"	"agent"	"workers"	"workers"	"workers"	"workers"	"worker"	"workers"	"workers"	"workers"	"workers"	"workers"	"workers"	"workers"	"workers"	"workers"	"workers"	"workers"	"workers"	"workers"	"workers"	"workers"	"worker"	"workers"	"workers"	"workers"	"workers"	"workers"	"peons"	"workers"	"workers"	"workers"		
"27QH88MQU6L5UYNWMCIX54AIKIXUBN"	"25D2JE1M7PKKF8JGAZQAK04LZYTXQE"	"prohibited"	"banned"	"restricted"	"forbade"	"banned"	"not allowed"	"denied"	"banned"	"prevented"	"banned"	"forbade"	"banned"	"stopped"	"forbidden"	"blocked"	"stopped"	"forbidden"	"illegal"	"banned"	"forbidden"	"forbidden"	"forbidden"	"banned"	"forbidden"	"stopped"	"banned"	"forbid"	"banned"	"banned"	"banned"	"forbidden"	"banned"	"banned"	"not allowed"	"banned"	"obstruct"	"banned"	"banned"	"banned"	"banned"	"prevented"	"blocked"	"forbidden"	"forbidden"	"banned"	"illegal"	"wrong"	"banned"	"illegal"	"stopped"	"prevented"	"banned"		
"23OIAA2SEIUU0NS8UVBACIIS9VSOO8"	"25D2JE1M7PKKF8JGAZQAK04LZYTXQE"	"eliminated"	"removed"	"remove"	"removed"	"removed"	"removed"	"defeated"	"expelled"	"ousted"	"removed"	"erased"	"bumped"	"removed"	"stopped"	"taken out"	"dismissed"	"out"	"remove"	"rid"	"defeated"	"stopped"	"removed"	"disqualified"	"removed"	"terminated"	"removed"	"lost"	"removed"	"removed"	"removed"	"removed"	"knocked out"	"removed"	"dismiss"	"stopped"	"removed"	"cancel"	"taken away"	"removed"	"removed"	"stopped"	"removed"	"disqualified"	"lost"	"removed"	"removed"	"destroyed"	"removed"	"removed"	"removed"	"removed"	"removed"		
"2ETAT2D5NQYNB2VA4U751YMNDZP48C"	"25D2JE1M7PKKF8JGAZQAK04LZYTXQE"	"characteristics"	"traits"	"traits"	"aspects"	"traits"	"features"	"features"	"traits"	"qualities"	"traits"	"qualities"	"traits"	"features"	"nature"	"descriptions"	"traits"	"traits"	"traits"	"traits"	"types"	"features"	"trait"	"differences"	"attribute"	"traits"	"trait"	"attributes"	"ways"	"features"	"traits"	"kind"	"traits"	"traits"	"identifiers"	"feature"	"traits"	"aspects"	"features"	"features"	"qualities"	"traits"	"nature"	"traits"	"qualities"	"details"	"looks"	"traits"	"traits"	"features"	"attribute"	"properties"	"traits"		
"2H1G5TYMNCWYHR1ZD3JSPX11KRDJN5"	"25D2JE1M7PKKF8JGAZQAK04LZYTXQE"	"assembled"	"building"	"joined"	"made"	"built"	"gathered"	"created"	"gathered"	"built"	"build"	"made"	"convened"	"build"	"built"	"gathered"	"gathered"	"made"	"created"	"built"	"built"	"put together"	"pieced"	"made"	"put together"	"built"	"built"	"create"	"gathered"	"combined"	"made"	"made"	"built"	"reunited"	"built"	"made"	"built"	"bunch"	"built"	"build"	"built"	"created"	"combined"	"made"	"made"	"built"	"create"	"constructed"	"put together"	"built"	"gathered"	"built"			
"2H3WSBRI8IUB8LMTCU8S1LB3M36F3J"	"25D2JE1M7PKKF8JGAZQAK04LZYTXQE"	"scant"	"little"	"little"	"few"	"bare"	"sparse"	"few"	"limited"	"small"	"small"	"scarce"	"small"	"limited"	"limited"	"few"	"few"	"little"	"few"	"small"	"limited"	"minimal"	"limited"	"little"	"few"	"small"	"small"	"bare"	"limit"	"limited"	"cheat"	"small"	"limited"	"short"	"few"	"rare"	"little"	"rare"	"limited"	"little"	"bare"	"few"	"poor"	"bare"	"rare"	"little"	"bare"	"little"	"limited"	"little"	"little"	"few"	"limited"	"little"	"few"
"2FK4E6AUBXHWY4ZZPK0VJZWDSOO1X4"	"25D2JE1M7PKKF8JGAZQAK04LZYTXQE"	"established"	"built"	"found"	"built"	"started"	"founded"	"created"	"settled"	"formed"	"proven"	"formed"	"set up"	"founded"	"found"	"built"	"started"	"exists"	"created"	"authorized"	"founded"	"set up"	"formed"	"started"	"founded"	"created"	"opened"	"made"	"started"	"founded"	"settled"	"created"	"founded"	"built"	"created"	"made"	"build"	"set up"	"completed"	"formed"	"created"	"built"	"created"	"founded"	"organized"	"founded"	"started"	"created"	"set"	"made"	"started"	"made"	"founded"	"created"	
"2X2PEIB9BAWLY9P9UGMX2D3MUUI1YA"	"25D2JE1M7PKKF8JGAZQAK04LZYTXQE"	"allocated"	"assigned"	"gave"	"assigned"	"allotted"	"distributed"	"share"	"shared"	"budgeted"	"designate"	"planned"	"dealt"	"portioned"	"assigned"	"marked"	"given"	"divided"	"placed"	"budgeted"	"assigned"	"divided"	"allot"	"handed out"	"divided"	"distributed"	"meant for"	"allotted"	"set aside"	"given"	"meted"	"portioned"	"distributed"	"appoint"	"dished out"	"distribute"	"shared"	"assigned"	"shared"	"designated"	"rationed"	"share"	"portioned"	"share"	"distribute"	"moved"	"distribute"	"given"	"distributed"	"distributed"	"shared"	"distributed"	"distributed"	"assigned"	
"2XBP9RA7S5WM7T1IWZ678JMHMD8YTF"	"25D2JE1M7PKKF8JGAZQAK04LZYTXQE"	"portion"	"amount"	"part"	"share"	"ration"	"piece"	"part"	"part"	"size"	"piece"	"lot"	"part"	"size"	"piece"	"piece"	"amount"	"part"	"part"	"share"	"piece"	"fraction"	"share"	"part"	"helping"	"piece"	"part"	"part"	"amount"	"part"	"piece"	"part"	"piece"	"part"	"section"	"part"	"part"	"part"	"amount"	"part"	"amount"	"part"	"part"	"part"	"part"	"chunk"	"share"	"part"	"piece"	"piece"	"part"	"amount"	"part"		
"2DNXH0JPPSI2QL69P3G7DKLM7ZAHNZ"	"25D2JE1M7PKKF8JGAZQAK04LZYTXQE"	"awarded"	"honored"	"granted"	"given"	"given"	"gifted"	"bestowed"	"crowned"	"honored"	"honored"	"granted"	"given"	"honored"	"presented"	"given"	"given"	"gifted"	"gave"	"given"	"granted"	"honored"	"gave"	"given"	"honored"	"won"	"confer"	"given"	"bestowed"	"given"	"given"	"gave"	"given"	"granted"	"praised"	"present"	"honored"	"given"	"rewarded"	"given"	"presented"	"given"	"give"	"win"	"won"	"given"	"gave"	"rewarded"	"give"	"given"	"given"	"given"	"given"		
"2XXL6VCPWZ9RT0O2S6SSFSN3EW79OG"	"25D2JE1M7PKKF8JGAZQAK04LZYTXQE"	"reclaim"	"reform"	"recover"	"liberate"	"take back"	"recover"	"restore"	"recover"	"take"	"take"	"seize"	"regain"	"redeem"	"take back"	"recover"	"recover"	"retake"	"recover"	"take back"	"recover"	"take"	"take"	"return"	"take"	"recover"	"recover"	"take"	"recover"	"own"	"took"	"recover"	"take back"	"recall"	"take"	"take back"	"take"	"take back"	"take"	"rescue"	"recall"	"recover"	"redeem"	"retake"	"recover"	"get"	"retake"	"recover"	"retake"	"take"	"recover"	"claim"	"recover"		
"2EF2Q45UUKQO43F20CESGOG023XUCU"	"25D2JE1M7PKKF8JGAZQAK04LZYTXQE"	"persist"	"continue"	"continue"	"continue"	"continue"	"continues"	"endure"	"continue"	"prevail"	"continue"	"steadfast"	"endure"	"endure"	"last"	"continue"	"keep on"	"stay"	"stay"	"continue"	"stay"	"remain"	"remain"	"exist"	"live"	"consist"	"keep"	"hang on"	"stays"	"remain"	"last"	"continue"	"continue"	"remain"	"continue"	"continue"	"continue"	"nag"	"continue"	"stay"	"remain"	"continue"	"survive"	"continue"	"continue"	"live"	"last"	"continue"	"continued"	"survive"	"keep on"	"continue"			
"2MCFJ51Y7QEO52QAWC3S1MOFYU3EBQ"	"25D2JE1M7PKKF8JGAZQAK04LZYTXQE"	"persist"	"pursue"	"remain"	"continue"	"survive"	"continue"	"continue"	"remain"	"persevere"	"push"	"stay"	"go on"	"persevere"	"continue"	"stay"	"stay"	"continue"	"pursue"	"endure"	"endure"	"continue"	"existing"	"last"	"insist"	"live"	"stay"	"live"	"tries"	"last"	"continue"	"live"	"continue"	"keep going"	"abides"	"go on"	"remain"	"remain"	"remain"	"insist"	"continue"	"continue"	"continue"	"stubborn"	"continue"	"continue"	"continue"	"inhabit"	"continue"	"stay"	"continue"	"live"	"continue"		
"2P7JWKUDD8XMHQINDARBEUTO7WUBMC"	"25D2JE1M7PKKF8JGAZQAK04LZYTXQE"	"manuscript"	"copy"	"draft"	"draft"	"script"	"writing"	"text"	"draft"	"paper"	"essay"	"draft"	"copy"	"book"	"script"	"draft"	"essay"	"writing"	"book"	"book"	"writing"	"document"	"handwritten"	"writing"	"story"	"book"	"text"	"novel"	"document"	"draft"	"draft"	"papers"	"draft"	"draft"	"draft"	"book"	"composition"	"article"	"final draft"	"draft"	"book"	"journal"	"text"	"draft"	"paper"	"document"	"draft"	"book"	"document"	"paper"	"paper"	"text"	"draft"		
"248Y2RCJK63Z11V1VBBUQAQ9KOW6V4"	"25D2JE1M7PKKF8JGAZQAK04LZYTXQE"	"brawls"	"fights"	"fight"	"scrap"	"fights"	"fights"	"fights"	"fights"	"battles"	"fights"	"fights"	"fight"	"fights"	"fights"	"fights"	"fights"	"fights"	"fights"	"argue"	"fight"	"fights"	"fights"	"fight"	"fights"	"fight"	"fights"	"fight"	"fights"	"fights"	"argues"	"fights"	"disagrees"	"fights"	"fights"	"fight"	"fights"	"fights"	"fight"	"fights"	"fights"	"riots"	"fight"	"argues"	"row"	"fights"	"fights"	"fights"	"fights"	"fights"	"fight"	"fights"	"fights"		
"2F8S1CSTMOFXX0KOMNSE6DNXKICROK"	"25D2JE1M7PKKF8JGAZQAK04LZYTXQE"	"repealed"	"retracted"	"canceled"	"ended"	"reversed"	"canceled"	"abolish"	"ended"	"canceled"	"canceled"	"canceled"	"rejected"	"suspended"	"denied"	"rejecting"	"canceled"	"canceled"	"canceled"	"nulled"	"rejected"	"revoked"	"canceled"	"lift"	"revoked"	"canceled"	"canceled"	"canceled"	"nullify"	"canceled"	"canceled"	"canceled"	"cancel"	"overturned"	"ended"	"canceled"	"stopped"	"erased"	"canceled"	"canceled"	"reversed"	"recalled"	"reversed"	"canceled"	"canceled"	"ended"	"canceled"	"end"	"ended"	"canceled"	"canceled"	"rejected"	"canceled"		
"26VOBDDP8PJWQH5XC8DBBQ39032F44"	"25D2JE1M7PKKF8JGAZQAK04LZYTXQE"	"grasp"	"holding"	"hold"	"hold"	"clinch"	"grip"	"appreciate"	"understand"	"comprehend"	"understand"	"understand"	"feel for"	"understand"	"realize"	"understand"	"understand"	"hold"	"grab"	"hold"	"hold"	"understand"	"grab"	"understand"	"accept"	"understand"	"understand"	"understanding"	"gets"	"understand"	"understand"	"understanding"	"knowledge"	"awareness"	"understand"	"understand"	"understanding"	"grip"	"understand"	"understand"	"understand"	"understand"	"know"	"clinch"	"take"	"holding"	"understand"	"grab"	"hold"	"understand"	"understand"	"learn"	"understand"		
