"2C88H88MQU6LBB3FGTSR5X4AJNOAT2"	"2NU8N46UXFCDASPWI4ED0NTKIOIRT1"	"extruded"	"pushed"	"expanded"	"pulled"	"expelled"	"squeezed"	"pushed"	"pushed"	"stenciled"	"forced"	"squeezed"	"extended"	"pushed"	"squeezed"	"shaped"	"ejected"	"protruded"	"piped"	"squeezed out"	"forced out"	"formed"	"pushed"	"sprayed"	"forced out"	"pushed out"	"extract"	"pushed out"	"let out"	"forced"	"extended"	"pushed"	"leaked"	"formed"	"made"	"ejected"	"molded"	"extended"	"expelled"	"pushed out"	"pushed"	"expelled"	"shaped"	"pushed out"	"shaped"	"taken"	"forced"	"forced"	"formed"	"expelled"	"pushed"	"squeezed"	"pushed"		
"2AOS8SV7WGKCIID57N13BMHAQUE0QO"	"2NU8N46UXFCDASPWI4ED0NTKIOIRT1"	"sought"	"looked"	"tried"	"wanted"	"tried"	"strove"	"tried"	"tried"	"solicit"	"tried"	"tried"	"tried"	"looked"	"attempted"	"tried"	"tried"	"looked"	"tried"	"tried"	"tried"	"wanted"	"tried"	"tried"	"tried"	"tried"	"followed"	"tried"	"looked"	"tried"	"wanted"	"tried"	"tried"	"wanted"	"tried"	"wanted"	"wrote"	"tried"	"tried"	"attempted"	"looked"	"attempted"	"tried"	"attempted"	"looked"	"tried"	"tried"	"attempted"	"wanted"	"tried"	"tried"	"found"	"tried"		
"2RKSEIUUU00OW7CU8T9SGS2U3AHSSR"	"2NU8N46UXFCDASPWI4ED0NTKIOIRT1"	"issued"	"cited"	"given"	"given"	"copied"	"given"	"provided"	"given"	"given"	"presented"	"given"	"gifted"	"assigned"	"equipped"	"given"	"given"	"equipped"	"given"	"given"	"given"	"provided"	"provided"	"given"	"equipped"	"given"	"given"	"given"	"given"	"given"	"given"	"equipped"	"given"	"allotted"	"given"	"given"	"equipped"	"given"	"given"	"given"	"given"	"given"	"equipped"	"given"	"equipped"	"given"	"equipped"	"given"	"given"	"appointed"	"tasked"	"given"	"given"		
"24192NJKM05BS6LEL9N2OTP9SEGFAZ"	"2NU8N46UXFCDASPWI4ED0NTKIOIRT1"	"diagram"	"chart"	"plan"	"drawing"	"drawing"	"drawing"	"drawing"	"chart"	"drawing"	"drawing"	"map"	"picture"	"picture"	"picture"	"picture"	"drawing"	"picture"	"picture"	"drawing"	"picture"	"picture"	"picture"	"picture"	"picture"	"plan"	"drawing"	"explanation"	"chart"	"picture"	"picture"	"layout"	"image"	"picture"	"drawing"	"picture"	"drawing"	"drawing"	"drawing"	"drawing"	"drawing"	"drawing"	"picture"	"drawing"	"sketch"	"picture"	"drawing"	"pictures"	"drawing"	"picture"	"picture"	"drawing"	"drawing"		
"2OOO33FDEY5CUJS5K2Q3GCRFMGG0RP"	"2NU8N46UXFCDASPWI4ED0NTKIOIRT1"	"inhabitants"	"people"	"people"	"residents"	"occupants"	"people"	"occupants"	"citizens"	"people"	"people"	"citizen"	"persons"	"residents"	"residents"	"people"	"residents"	"residents"	"people"	"people"	"residents"	"people"	"people"	"occupants"	"people"	"people"	"individuals"	"residents"	"people living there"	"residents"	"people"	"residents"	"people"	"civilians"	"citizens"	"members"	"people"	"residents"	"residents"	"citizens"	"people"	"people"	"native"	"people"	"citizens"	"people"	"citizens"	"citizen"	"people"	"people"	"residents"	"persons"	"people"		
"21ICOK2JE1M7V7CTP2N6WZAC18UUNX"	"2NU8N46UXFCDASPWI4ED0NTKIOIRT1"	"disciplines"	"practices"	"schools"	"thoughts"	"sectors"	"rules"	"curriculum"	"practices"	"methods"	"groups"	"schools"	"fields"	"methods"	"specialties"	"subjects"	"groups"	"areas"	"courses"	"people"	"areas"	"schools"	"rules"	"sciences"	"followers"	"courses"	"schools"	"schools"	"fields"	"groups"	"branches"	"subjects"	"subjects"	"groups"	"rules"	"followers"	"students"	"areas"	"schools"	"games"	"schools"	"subjects"	"branches"	"sects"	"versions"	"groups"	"focuses"	"schools"	"branches"	"areas"	"regimes"	"schools"	"schools"		
"2KXDEY5COW0LMERNCNIFTC6VOY84V1"	"2NU8N46UXFCDASPWI4ED0NTKIOIRT1"	"occasionally"	"sometimes"	"sometimes"	"sometimes"	"sometimes"	"sometimes"	"sometimes"	"sometimes"	"once in a while"	"sporadically"	"sometimes"	"sometimes"	"sometimes"	"sometimes"	"sometimes"	"sometimes"	"usually"	"sometimes"	"sometimes"	"sometimes"	"sometimes"	"sometimes"	"sometimes"	"sometimes"	"sometimes"	"sometimes"	"sometimes"	"sometimes"	"sometimes"	"sometimes"	"sometimes"	"sometimes"	"seldom"	"sometimes"	"sometimes"	"sometimes"	"sometimes"	"sometimes"	"sometimes"	"sometimes"	"sometimes"	"sometimes"	"sometimes"	"sometimes"	"sometimes"	"sometimes"	"sometimes"	"sometimes"	"sometimes"	"once in a while"	"sometimes"	"sometimes"		
"2NF3YOCCF0CPB7P9XTEIQXYG5TVSTG"	"2NU8N46UXFCDASPWI4ED0NTKIOIRT1"	"principles"	"rules"	"basics"	"morals"	"ideals"	"rules"	"beliefs"	"ideas"	"beliefs"	"rules"	"ideals"	"laws"	"rules"	"basics"	"regulations"	"ideals"	"guidelines"	"rules"	"rules"	"ideas"	"values"	"guidelines"	"tenets"	"standards"	"rules"	"factors"	"rules"	"interests"	"truths"	"rules"	"rules"	"ideas"	"imperatives"	"ideas"	"rules"	"ideas"	"rules"	"rules"	"rules"	"rules"	"facts"	"rules"	"rules"	"values"	"rules"	"ideas"	"rules"	"rules"	"rules"	"ideas"	"canons"	"rules"		
"2HY5R98D8J3VKUOCW4EYKG3MDOHVFG"	"2NU8N46UXFCDASPWI4ED0NTKIOIRT1"	"object"	"goal"	"aim"	"aim"	"purpose"	"goal"	"goal"	"result"	"goal"	"thing"	"goal"	"goal"	"goal"	"goal"	"thing"	"goal"	"goal"	"thing"	"goal"	"reality"	"goal"	"goal"	"aim"	"plan"	"aim"	"goal"	"thing"	"idea"	"purpose"	"aim"	"goal"	"goal"	"thing"	"idea"	"goal"	"goal"	"goal"	"purpose"	"goal"	"prize"	"goal"	"goal"	"goal"	"thing"	"goal"	"goal"	"goal"	"goal"	"thing"	"goal"	"goal"	"goal"		
"2OKJENLVWJ5OVYSIZRQ86MWB8IZ0SD"	"2NU8N46UXFCDASPWI4ED0NTKIOIRT1"	"garment"	"clothing"	"cloth"	"clothing"	"outfit"	"clothing"	"apparel"	"clothing"	"cloth"	"clothing"	"clothing"	"outfit"	"clothing"	"clothing"	"clothing"	"outfit"	"clothing"	"cloth"	"clothing"	"clothing"	"clothing"	"cloth"	"clothing"	"costume"	"clothing"	"clothes"	"clothes"	"cloth"	"piece of clothing"	"clothing"	"article"	"clothes"	"clothes"	"clothing"	"dress"	"clothing"	"clothing"	"clothing"	"clothing"	"outfit"	"outfit"	"clothing"	"item"	"clothing"	"clothes"	"cloth"	"cloth"	"piece of clothing"	"article"	"dress"	"attire"	"clothing"		
"2ETAT2D5NQYNB2VA4U751YMND07840"	"2NU8N46UXFCDASPWI4ED0NTKIOIRT1"	"traversed"	"crossed"	"traveled"	"crossed"	"crossed"	"crossed"	"crossed"	"crossed"	"traveled"	"traveled"	"treaded"	"crossed"	"crossed"	"crossed"	"traveled"	"moved"	"roamed"	"moved"	"passed"	"traveled"	"traveled"	"crossed"	"traveled"	"bridged"	"crossed"	"went through"	"crossed"	"traveled"	"crossed"	"crossed"	"traveled"	"traveled"	"traveled"	"passed"	"passed"	"crossed"	"traveled"	"traveled"	"traveled"	"crossed"	"crossed"	"crossed"	"crossed"	"passed"	"crossed"	"traveled"	"crossed"	"moved through"	"moved across"	"crossed"	"crossed"	"crossed"		
"261WKUDD8XMB9DVT3B262TO6U8NNCG"	"2NU8N46UXFCDASPWI4ED0NTKIOIRT1"	"designation"	"title"	"name"	"classification"	"recognition"	"tittle"	"category"	"class"	"classification"	"label"	"nickname"	"name"	"definition"	"classification"	"symbol"	"name"	"title"	"category"	"class"	"naming"	"name"	"name"	"place"	"label"	"choice"	"naming"	"role"	"appointment"	"name"	"term"	"notation"	"location"	"name"	"label"	"naming"	"label"	"title"	"label"	"classification"	"description"	"part"	"appointment"	"identification"	"classification"	"title"	"name"	"label"	"rank"	"name"	"classification"	"name"	"name"		
"2IQN46UXFCD4BK4YXY4SVTKIO72SU7"	"2NU8N46UXFCDASPWI4ED0NTKIOIRT1"	"convince"	"encourage"	"sway"	"persuade"	"persuade"	"get"	"get"	"make"	"persuade"	"understand"	"persuade"	"show"	"argue with"	"persuade"	"persuade"	"get"	"persuade"	"teach"	"persuade"	"persuade"	"persuade"	"get"	"win"	"persuade"	"persuade"	"persuade"	"persuade"	"talk into"	"make"	"persuade"	"sway"	"influence"	"talk"	"persuade"	"persuade"	"get"	"prove to"	"persuade"	"assure"	"tell"	"get"	"get"	"get"	"make"	"tell"	"tell"	"persuade"	"get"	"persuade"	"sway"	"persuade"	"persuade"		
"2GOKW4ZMAZHHXEDZUBFNVVRH2OQI9E"	"2NU8N46UXFCDASPWI4ED0NTKIOIRT1"	"subsequently"	"afterward"	"later"	"later"	"later"	"later"	"consequently"	"afterwards"	"finally"	"next"	"next"	"later"	"later"	"related"	"later"	"later"	"next"	"next"	"later"	"later"	"later"	"later"	"afterwards"	"started"	"later"	"therefore"	"later"	"later"	"afterward"	"then"	"next"	"later"	"then"	"afterwards"	"then"	"later"	"afterwards"	"later"	"then"	"then"	"later"	"then"	"next"	"later"	"later"	"also"	"later"	"therefore"	"later"	"afterwards"	"then"	"later"		
"2YG5PQJQ9OPLRK4RYXIXO8KCP3UY0O"	"2NU8N46UXFCDASPWI4ED0NTKIOIRT1"	"appointed"	"named"	"assigned"	"named"	"assigned"	"assigned"	"made"	"chosen"	"assigned"	"assigned"	"made"	"named"	"assigned"	"assigned"	"assigned"	"named"	"made"	"given"	"selected"	"made"	"hired"	"made"	"named"	"elected"	"named"	"selected"	"assigned"	"made"	"made"	"made"	"assigned"	"assigned"	"titled"	"named"	"designated"	"directed"	"made"	"named"	"made"	"assigned"	"named"	"made"	"chosen"	"pronounced"	"assigned"	"set up as"	"elected"	"made"	"assigned"	"made"	"assigned"	"assigned"		
"27OSVQ8H88MQ0TDPSMMCQ1RXY8JQ7D"	"2NU8N46UXFCDASPWI4ED0NTKIOIRT1"	"abolished"	"banned"	"ended"	"ended"	"banished"	"revoked"	"canceled"	"annihilated"	"terminated"	"destroyed"	"removed"	"banned"	"banned"	"terminated"	"left"	"canceled"	"removed"	"banned"	"ended"	"ended"	"canceled"	"stopped"	"destroyed"	"ended"	"ended"	"erased"	"ended"	"discontinued"	"ended"	"ended"	"annul"	"ended"	"removed"	"eliminated"	"ended"	"banned"	"canceled"	"stopped"	"removed"	"ended"	"ended"	"removed"	"removed"	"gone"	"got rid of"	"ended"	"canceled"	"taken away"	"gone"	"removed"	"outlawed"	"ended"		
"2DH9RNDWIOV1YUK77OKG213YE3HVGF"	"2NU8N46UXFCDASPWI4ED0NTKIOIRT1"	"noted"	"saw"	"famous"	"said"	"said"	"mentioned"	"said"	"showed"	"said"	"wrote"	"noticed"	"noticed"	"said"	"mentioned"	"observed"	"made aware"	"noticed"	"mentioned"	"said"	"said"	"said"	"mentioned"	"mentioned"	"said"	"said"	"mentioned"	"remember"	"stated"	"said"	"said"	"mentioned"	"said"	"mentioned"	"saw"	"addressed"	"said"	"commented"	"recognized"	"marked"	"commented"	"realized"	"said"	"said"	"mentioned"	"said"	"saw"	"showed"	"said"	"mentioned"	"said"	"mentioned"	"said"		
"20JLY58B727M658ZOS41EYFSWJCU9X"	"2NU8N46UXFCDASPWI4ED0NTKIOIRT1"	"prestigious"	"important"	"renowned"	"famous"	"reputable"	"elite"	"grand"	"famous"	"glamorous"	"honored"	"respected"	"distinguished"	"respected"	"well-known"	"special"	"respected"	"honored"	"venerated"	"important"	"notable"	"exalted"	"famous"	"impressive"	"famous"	"famous"	"notable"	"fancy"	"respected"	"important"	"respected"	"important"	"popular"	"reputed"	"important"	"elite"	"famous"	"respected"	"respected"	"famous"	"prized"	"famous"	"praised"	"respected"	"famous"	"respected"	"respected"	"honorable"	"respected"	"fancy"	"respected"	"respected"	"respected"		
"2X2PEIB9BAWLY9P9UGMX2D3MUV0Y1R"	"2NU8N46UXFCDASPWI4ED0NTKIOIRT1"	"inaugural"	"first"	"first"	"debut"	"confirmation"	"first"	"opening"	"first"	"first"	"opening"	"opening"	"admission"	"first"	"exciting"	"leading"	"debut"	"first"	"beginning"	"start"	"first"	"first"	"kick-off"	"startoff"	"first"	"first"	"opening"	"first"	"first"	"honorable"	"beginning"	"first"	"opening"	"debut"	"opening"	"beginning"	"beginning"	"first"	"beginning"	"initial"	"first"	"initiation"	"first"	"beginning"	"first"	"known"	"primary"	"starting"	"first"	"initiating"	"first"	"first"	"first"		
"26LTVOK5UFJ57LZAIZQF6QS1DW2855"	"2NU8N46UXFCDASPWI4ED0NTKIOIRT1"	"manufactures"	"makes"	"makes"	"makes"	"makes"	"makes"	"makes"	"assembles"	"makes"	"makes"	"builds"	"creates"	"makes"	"makes"	"builds"	"makes"	"makes"	"make"	"makes"	"makes"	"makes"	"makes"	"makes"	"producers"	"builds"	"creates"	"makes"	"makes"	"makes"	"produces"	"makes"	"makes"	"creates"	"makes"	"makes"	"makes"	"makes"	"makes"	"makes"	"makes"	"makes"	"makes"	"creates"	"makes"	"makes"	"make"	"builds"	"creates"	"makes"	"makes"	"makes"	"makes"		
"27JSNQQ7Q670BOI4GYI1ATQC21UUAC"	"2NU8N46UXFCDASPWI4ED0NTKIOIRT1"	"dismissed"	"fired"	"fired"	"laid off"	"fired"	"fired"	"banished"	"fired"	"fired"	"fired"	"fired"	"shunned"	"fired"	"fired"	"fired"	"removed"	"fired"	"terminated"	"removed"	"fired"	"removed"	"discharged"	"fired"	"fired"	"booted"	"let go"	"fired"	"stopped"	"fired"	"fired"	"fired"	"asked to leave"	"fired"	"fired"	"fired"	"fired"	"rid"	"fired"	"fired"	"fired"	"removed"	"discharged"	"fired"	"released"	"fired"	"removed"	"fired"	"terminated"	"discharged"	"fired"	"fired"	"fired"		
"2TATMOFXRDS4OZTY2OEXRFM12EBSVW"	"2NU8N46UXFCDASPWI4ED0NTKIOIRT1"	"emerged"	"came"	"began"	"surfaced"	"arose"	"came"	"started"	"appeared"	"came from"	"arose"	"appeared"	"came from"	"came"	"developed"	"came"	"came"	"came"	"came"	"came out"	"began"	"appeared"	"popped"	"appeared"	"came"	"came"	"rose"	"appeared"	"came out"	"came"	"came"	"began"	"stood"	"came"	"came"	"arrived"	"born"	"came"	"started"	"grew"	"comes"	"started"	"came out"	"started"	"originated"	"appeared"	"started"	"came"	"sprouted"	"popped"	"came"	"came"	"came"		
"2JME6AUBXHWSNU75DKMB7WDRM1EY28"	"2NU8N46UXFCDASPWI4ED0NTKIOIRT1"	"rotund"	"fat"	"large"	"overweight"	"plump"	"fat"	"obese"	"solid"	"plump"	"fat"	"large"	"obese"	"plump"	"fat"	"obese"	"round"	"fat"	"fat"	"fat"	"fat"	"fat"	"huge"	"round"	"plump"	"fat"	"round"	"fat"	"huge"	"robust"	"obese"	"round"	"round"	"fat"	"round"	"obese"	"fat"	"round"	"obese"	"really fat"	"heavy"	"fat"	"round"	"fat"	"plump"	"fat"	"fat"	"round"	"fat"	"large"	"fat"	"fat"	"fat"		
"27JSNQQ7Q670BOI4GYI1ATQC21VAUT"	"2NU8N46UXFCDASPWI4ED0NTKIOIRT1"	"apportion"	"distribute"	"assign"	"allot"	"allot"	"divide"	"distribute"	"assign"	"set aside"	"hand out"	"delegate"	"give"	"divide"	"divide"	"distribute"	"allot"	"distribute"	"hand out"	"assign"	"distribute"	"distribute"	"give out"	"share"	"determine"	"divide"	"separate"	"share"	"allot"	"give"	"distribute"	"divvy"	"assign"	"give"	"place"	"divide"	"reserve"	"allot"	"divide"	"give"	"assign"	"plan"	"designate"	"divide"	"share"	"distribute"	"divide"	"save"	"give out"	"group"	"give"	"distribute"	"distribute"		
"27QH88MQU6L5UYNWMCIX54AIKJFUB7"	"2NU8N46UXFCDASPWI4ED0NTKIOIRT1"	"safeguard"	"protect"	"protect"	"protect"	"protect"	"defend"	"protect"	"protect"	"guard"	"protect"	"protect"	"secure"	"shield"	"protect"	"protect"	"protect"	"guard"	"protect"	"protect"	"protect"	"preserve"	"shield"	"protect"	"protect"	"guarded"	"protect"	"watch"	"protect"	"protect"	"protect"	"secure"	"protect"	"protect"	"protect"	"protect"	"protect"	"care for"	"protect"	"protect"	"protect"	"protect"	"protect"	"protect"	"protect"	"protect"	"protect"	"protect"	"protect"	"protect"	"protect"	"protect"	"protect"		
"23B6YTWX4H3H8C3OHK0GQ6IJSFEY3J"	"2NU8N46UXFCDASPWI4ED0NTKIOIRT1"	"suspended"	"stopped"	"stopped"	"banned"	"stopped"	"stopped"	"stopped"	"stopped"	"held"	"halted"	"removed"	"stopped"	"stopped"	"stopped"	"stopped"	"stopped"	"stopped"	"stopped"	"halted"	"stopped"	"halted"	"stopped"	"halted"	"halted"	"held"	"halted"	"stopped"	"barred"	"ended"	"stopped"	"stopped"	"stopped"	"removed"	"stopped"	"stopped"	"stopped"	"stopped"	"paused"	"removed"	"stopped"	"delayed"	"paused"	"postponed"	"stopped"	"stopped"	"stopped"	"stopped"	"stopped"	"stopped"	"frozen"	"stopped"	"stopped"		
"2NORLPHIT3HV2XN4MHTNRQ21868IAT"	"2NU8N46UXFCDASPWI4ED0NTKIOIRT1"	"commandeer"	"take over"	"steal"	"take"	"take"	"steal"	"take"	"activate"	"steal"	"take"	"take"	"seized"	"take"	"seize"	"seize"	"seize"	"capture"	"leader"	"take"	"take"	"take"	"lead"	"take"	"take"	"take over"	"take-over"	"take"	"grab"	"drive"	"take control of"	"take"	"take"	"take"	"take"	"take"	"control"	"control"	"take"	"take"	"take"	"take"	"seize"	"take"	"take"	"control"	"takeover"	"take"	"take"	"steal"	"command"	"take"	"take"		
"243VWJ5OPB0Y13RS2XNBFEP9V7A4WB"	"2NU8N46UXFCDASPWI4ED0NTKIOIRT1"	"replicate"	"copy"	"copy"	"copy"	"clone"	"duplicate"	"copy"	"copy"	"recreate"	"copy"	"create"	"copy"	"copy"	"copy"	"copy"	"reproduce"	"copy"	"copy"	"copy"	"copy"	"duplicate"	"duplicate"	"copy"	"reproduce"	"copy"	"copy"	"copy"	"copy"	"copy"	"copy"	"copy"	"copy"	"repeat"	"duplicate"	"remake"	"duplicate"	"redo"	"copy"	"copy"	"reproduce"	"copy"	"copy"	"reproduce"	"copy"	"copy"	"copy"	"duplicate"	"clone"	"copy"	"reproduce"	"reproduce"	"copy"		
"29AZVXX2Q45U07I82REI41NS9SPQ80"	"2NU8N46UXFCDASPWI4ED0NTKIOIRT1"	"devastated"	"destroyed"	"ruined"	"destroyed"	"destroyed"	"destroyed"	"ruined"	"ruined"	"ruined"	"destroyed"	"damaged"	"destroyed"	"destroyed"	"ruined"	"destroyed"	"destroyed"	"destroyed"	"ruined"	"wrecked"	"crushed"	"destroyed"	"destroyed"	"destroyed"	"hurt"	"ruined"	"wrecked"	"destroyed"	"ruined"	"destroyed"	"destroyed"	"destroyed"	"ruined"	"destroyed"	"damaged"	"crushed"	"destroyed"	"destroyed"	"destroyed"	"ruined"	"destroyed"	"destroyed"	"destroyed"	"destroyed"	"broke"	"destroyed"	"destroyed"	"destroyed"	"destroyed"	"destroyed"	"destroyed"	"trashed"	"destroyed"		
"2WL95SW6NG1FYQFIRU2YN1FZT3UVHE"	"2NU8N46UXFCDASPWI4ED0NTKIOIRT1"	"odor"	"smell"	"stench"	"smell"	"smell"	"smell"	"smell"	"smell"	"smell"	"smell"	"smell"	"smell"	"smell"	"smell"	"smell"	"smell"	"smell"	"smell"	"smell"	"smell"	"smell"	"smell"	"smell"	"smell"	"smell"	"scent"	"smell"	"smell"	"smell"	"smell"	"smell"	"smell"	"smell"	"smell"	"smell"	"smell"	"smell"	"smell"	"smell"	"smell"	"stench"	"smell"	"smell"	"smell"	"smell"	"smell"	"smell"	"smell"	"smell"	"smell"	"smell"	"smell"		
"2FK4E6AUBXHWY4ZZPK0VJZWDSP5X1J"	"2NU8N46UXFCDASPWI4ED0NTKIOIRT1"	"relocated"	"moved"	"moved"	"moved"	"moved"	"moved"	"moved"	"moved"	"moved"	"transferred"	"moved"	"moved"	"moved"	"moved"	"moved"	"moved"	"moved"	"moved"	"moved"	"moved"	"moved"	"moved"	"moved"	"moved"	"change"	"moved"	"moved"	"moved"	"moved"	"transferred"	"moved"	"moved"	"moved"	"moved"	"moved"	"moved"	"moved"	"moved"	"moved"	"moved"	"moved"	"moved"	"moved"	"moved"	"moved"	"moved"	"moved"	"repositioned"	"moved"	"moved"	"moved"	"moved"		
"2Y4VHVKCJ011QPZONI0KYW619RD86L"	"2NU8N46UXFCDASPWI4ED0NTKIOIRT1"	"venues"	"places"	"places"	"event"	"sites"	"places"	"locations"	"locations"	"places"	"events"	"areas"	"areas"	"locations"	"place"	"settings"	"settings"	"places"	"places"	"locations"	"gatherings"	"locations"	"sites"	"places"	"hosts"	"rooms"	"locations"	"arena"	"places"	"places"	"sites"	"places"	"places"	"places"	"locations"	"places"	"places"	"locations"	"gatherings"	"locations"	"locations"	"locations"	"scenes"	"settings"	"places"	"places"	"areas"	"places"	"places"	"places"	"settings"	"places"	"places"		
"2P1VCNHMVHVKI6SL5VT7CJ79LU631R"	"2NU8N46UXFCDASPWI4ED0NTKIOIRT1"	"incorporated"	"added"	"added"	"included"	"joined"	"mixed"	"assimilated"	"combining"	"mixed"	"mixed"	"combined"	"blended"	"merged"	"mixed"	"included"	"added"	"united"	"included"	"united"	"merged"	"merged"	"included"	"brought"	"included"	"merged"	"mixed"	"united"	"joined"	"combined"	"grouped"	"put"	"combined"	"added"	"mixed"	"combined"	"united"	"formed"	"put"	"joined"	"combined"	"used"	"joined"	"mixed"	"included"	"joined"	"merged"	"involved"	"added"	"blended"	"added"	"united"	"mixed"		
"261WKUDD8XMB9DVT3B262TO6U8NCN5"	"2NU8N46UXFCDASPWI4ED0NTKIOIRT1"	"elongated"	"lengthened"	"long"	"extended"	"stretched"	"stretched"	"long"	"stretched"	"prolonged"	"lengthened"	"long"	"longer"	"lengthened"	"lengthened"	"longer"	"long"	"oblong"	"long"	"thin"	"slender"	"cylindrical"	"stretched"	"stretched"	"extended"	"long"	"longer"	"a stretched"	"oval"	"lengthy"	"longer"	"long"	"lengthy"	"extended"	"long"	"stretched"	"skinny"	"stretched"	"stretched"	"long"	"longer"	"thin"	"stretched"	"longer"	"extremely long"	"long"	"long"	"stretched"	"long"	"stretched"	"long"	"long"	"long"		
"2FQE4BLYHVI4ABKMOWL8LNEZTFK0UT"	"2NU8N46UXFCDASPWI4ED0NTKIOIRT1"	"enhanced"	"improved"	"enriched"	"bettered"	"improved"	"increased"	"boosted"	"improved"	"improved"	"increased"	"upgraded"	"improved"	"improved"	"increased"	"improved"	"upgraded"	"added"	"improved"	"improved"	"increased"	"helped"	"helped"	"improved"	"improved"	"upgraded"	"bettered"	"improved"	"bettered"	"bettered"	"improved"	"increased"	"bettered"	"improved"	"improved"	"improved"	"beautified"	"upgraded"	"improved"	"improved"	"improved"	"aided"	"increase"	"improved"	"helped"	"helped"	"increased"	"improved"	"increased"	"improved"	"improved"	"boosted"	"improved"		
"2S3YHVI44OS2Q8MSHY5Z0BAP6FAY44"	"2NU8N46UXFCDASPWI4ED0NTKIOIRT1"	"purchase"	"buy"	"buy"	"buy"	"buy"	"buy"	"buy"	"buy"	"buy"	"buy"	"buy"	"buy"	"buy"	"buy"	"buy"	"buy"	"buy"	"buy"	"buy"	"buy"	"buy"	"buy"	"buy"	"buy"	"buy"	"buy"	"buy"	"buy"	"buy"	"buy"	"buy"	"buy"	"buy"	"buy"	"buy"	"buy"	"bought"	"buy"	"buy"	"buy"	"buy"	"buy"	"buy"	"buy"	"buy"	"buy"	"buy"	"buy"	"buy"	"buy"	"buy"	"buy"		
"2KVHJHP4BDDKMRQSV3O953G36B5Y59"	"2NU8N46UXFCDASPWI4ED0NTKIOIRT1"	"utilize"	"use"	"use"	"use"	"use"	"use"	"use"	"use"	"use"	"use"	"use"	"apply"	"use"	"use"	"employ"	"use"	"use"	"use"	"use"	"use"	"use"	"use"	"use"	"use"	"use"	"use"	"use"	"use"	"use"	"use"	"use"	"use"	"use"	"use"	"use"	"use"	"use"	"use"	"work"	"use"	"use"	"use"	"use"	"employ"	"use"	"use"	"use"	"use"	"use"	"use"	"use"	"use"		
"2VMEGDHDM25LE51737XHMZ6OF8ZNDG"	"2NU8N46UXFCDASPWI4ED0NTKIOIRT1"	"resides"	"lives"	"lives"	"lives"	"lives"	"lives"	"lives"	"lives"	"lives"	"lives"	"lives"	"lives"	"lives"	"lives"	"lives"	"lives"	"lives"	"lives"	"lives"	"lives"	"abides"	"lives"	"lives"	"lives"	"lives"	"lives"	"lives"	"lives"	"lives"	"lives"	"lives"	"lives"	"lives"	"lives"	"lives"	"lives"	"lives"	"lives"	"lives"	"lives"	"lives"	"lives"	"lives"	"lives"	"lives"	"lives"	"lives"	"lives"	"lives"	"lives"	"lives"	"lives"		
"2I3Y58B727M0O374LOS66FSVG84AVI"	"2NU8N46UXFCDASPWI4ED0NTKIOIRT1"	"addresses"	"sees"	"covers"	"gives"	"talks"	"aims"	"discusses"	"approaches"	"covers"	"covers"	"answers"	"considers"	"deals"	"focuses"	"discusses"	"presents"	"focuses on"	"looks at"	"refers"	"directs"	"handles"	"names"	"talks"	"mentions"	"covers"	"shows"	"provides"	"targets"	"talks about"	"talks"	"talks about"	"voices"	"talks about"	"has"	"speaks to"	"focuses"	"explains"	"mentions"	"highlights"	"features"	"attends"	"discusses"	"targets"	"talks about"	"focuses on"	"discusses"	"seeks"	"takes care of"	"mentions"	"shows"	"acts"	"discusses"	"talks about"	"covers"
"20LNAB6BFMFFULQ2XCKJNDGETG9VI7"	"2NU8N46UXFCDASPWI4ED0NTKIOIRT1"	"roaming"	"wandering"	"wandering"	"wandering"	"searching"	"wandering"	"wandering"	"walking"	"wandering"	"wandering"	"walking"	"wandering"	"exploring"	"wandering"	"walking around"	"wandering"	"moving"	"strolling"	"wandering"	"drifting"	"roving"	"moving around"	"wandering"	"wandering"	"wandering"	"wandering"	"wandering"	"scouring"	"wandering"	"wandering"	"walking around"	"wondering"	"moving"	"traveling"	"wandering"	"walking around"	"wandering"	"wandering"	"wandering"	"wandering"	"wandering"	"wandering"	"wandering"	"wandering"	"walking around"	"wandering around"	"walking"	"exploring"	"wandering"	"walking"	"walking"	"wandering"		
"20ZSTLB3L0FBPWA8FU5JZEVE6VYVJJ"	"2NU8N46UXFCDASPWI4ED0NTKIOIRT1"	"precepts"	"morals"	"rules"	"rules"	"beliefs"	"rules"	"rules"	"rules"	"rules"	"rules"	"rules"	"ideals"	"behests"	"tenets"	"rules"	"rules"	"rules"	"rules"	"ideas"	"rules"	"instructions"	"ideas"	"rules"	"rules"	"laws"	"codes"	"principles"	"morals"	"rules"	"rules"	"morals"	"rules"	"ideals"	"rules"	"codes"	"ideas"	"morals"	"rules"	"norms"	"values"	"ideals"	"conduct"	"rules"	"morals"	"rules"	"laws"	"grounds"	"values"	"rules"	"concepts"	"rules"	"rules"		
"248YN5F3Q0JGBGQ6RNNYJ49FAW1FBU"	"2NU8N46UXFCDASPWI4ED0NTKIOIRT1"	"genuine"	"real"	"real"	"real"	"real"	"sincere"	"real"	"truthful"	"real"	"real"	"real"	"honest"	"true"	"real"	"real"	"real"	"sincere"	"real"	"real"	"true"	"real"	"real"	"true"	"true"	"real"	"real"	"real"	"real"	"real"	"actual"	"real"	"authentic"	"real"	"real"	"real"	"real"	"real"	"sincere"	"real"	"real"	"real"	"honest"	"unique"	"true"	"true"	"real"	"real"	"real"	"valid"	"real"	"real"	"real"		
"2BLK4F0OHOVR7RAHOZTLH2HED0K328"	"2NU8N46UXFCDASPWI4ED0NTKIOIRT1"	"facilitating"	"helping"	"helping"	"helping"	"helping"	"aiding"	"helping"	"helping"	"helping"	"doing"	"help"	"helping"	"aiding"	"helping"	"easing"	"simplifying"	"helping"	"overseeing"	"helping"	"helping"	"helping"	"simplifying"	"helping"	"helping"	"simplifying"	"aiding"	"easing"	"continuing"	"helping"	"helping"	"helping"	"easing"	"allowing"	"easing"	"mollifying"	"helping"	"helping"	"managing"	"helping"	"helping"	"helping"	"helping"	"helping"	"helping"	"helping"	"helping"	"helping"	"simplifying"	"helping"	"managing"	"helping"	"helping"		
"2BT2YU98JHSTRYV54Q2JHIOBKISCOK"	"2NU8N46UXFCDASPWI4ED0NTKIOIRT1"	"hypotheses"	"possibilities"	"theories"	"theories"	"ideas"	"theories"	"theories"	"guesses"	"guesses"	"ideas"	"guesses"	"beliefs"	"question"	"guesses"	"theories"	"idea"	"explanations"	"ideas"	"ideas"	"beliefs"	"premises"	"speculations"	"ideas"	"theories"	"ideas"	"possibilities"	"speculation"	"conceptions"	"explanations"	"explanations"	"ideas"	"guesses"	"ideas"	"ideas"	"guess"	"ideas"	"guesses"	"guesses"	"theory"	"theory"	"ideas"	"idea"	"theories"	"ideas"	"guesses"	"ideas"	"guesses"	"ideas"	"guesses"	"guesses"	"concepts"	"ideas"		
"2H6HOVR14IXKUPDT6S5C4A6X42X87K"	"2NU8N46UXFCDASPWI4ED0NTKIOIRT1"	"maintained"	"kept"	"save"	"steadied"	"kept"	"continued"	"kept"	"kept"	"kept"	"kept"	"sustained"	"kept"	"continued"	"kept"	"kept"	"kept"	"kept"	"kept"	"stayed"	"kept"	"preserved"	"kept"	"kept"	"kept"	"kept"	"kept"	"kept"	"saved"	"kept"	"kept"	"kept"	"kept"	"upheld"	"kept"	"kept"	"kept"	"kept"	"kept"	"kept"	"kept"	"kept"	"preserved"	"kept"	"kept"	"continued"	"kept"	"embrace"	"kept"	"upkept"	"held"	"sustained"	"kept"		
"2CEJ5OPB0YVG5VQ60MYEX9U326GY6P"	"2NU8N46UXFCDASPWI4ED0NTKIOIRT1"	"circuits"	"tracks"	"tracks"	"track"	"circles"	"tracks"	"tracks"	"tracks"	"track"	"tracks"	"course"	"races"	"tracks"	"tracks"	"arenas"	"tracks"	"tracks"	"tracks"	"track"	"tracks"	"tracks"	"tracks"	"racetracks"	"courses"	"laps"	"tracks"	"tracks"	"tracks"	"racetracks"	"tracks"	"tracks"	"circles"	"tracks"	"tracks"	"tracks"	"tournaments"	"tracks"	"groups"	"tracks"	"racetracks"	"rounds"	"circles"	"races"	"racetracks"	"tracks"	"tracks"	"tracks"	"tracks"	"tracks"	"tracks"	"tracks"	"tracks"		
"2HAPW1INMHGYWRBNRL26JFMFGS7I5N"	"2NU8N46UXFCDASPWI4ED0NTKIOIRT1"	"flee"	"run"	"leave"	"leave"	"escape"	"abstain"	"leave"	"run"	"retreat"	"leave"	"escape"	"leave"	"escape"	"run"	"escape"	"leave"	"escape"	"run away"	"run"	"run"	"leave"	"scatter"	"leave"	"run"	"run"	"escape"	"escape"	"run away"	"escape"	"run"	"scram"	"leave"	"run away"	"run"	"escape"	"run"	"run"	"escape"	"run away"	"run"	"leave"	"go"	"run away"	"escape"	"run"	"leave"	"leave"	"run"	"escape"	"run"	"escape"	"run"		
"26QPJWKUDD8XSYVA7KQ0J6UTPA2ALZ"	"2NU8N46UXFCDASPWI4ED0NTKIOIRT1"	"exhibit"	"prove"	"show"	"show"	"show"	"display"	"show"	"show"	"attest"	"show"	"show"	"demonstrate"	"display"	"display"	"show"	"show"	"display"	"show"	"show"	"show"	"show"	"show"	"show"	"show"	"show"	"show"	"display"	"present"	"display"	"show"	"show"	"show"	"show"	"showed"	"show"	"exemplify"	"show"	"show"	"show"	"show"	"show"	"show"	"show"	"show"	"show"	"reveal"	"show"	"show"	"show"	"display"	"show"	"show"		
"26YFL6VCPWZ9XA5GMZM107SN4H2N8A"	"2NU8N46UXFCDASPWI4ED0NTKIOIRT1"	"introducing"	"integrating"	"bringing"	"bringing"	"lead"	"acquainting"	"bringing"	"announcing"	"describing"	"incorporating"	"offering"	"bringing in"	"bringing"	"bringing in"	"bringing"	"bringing in"	"meeting"	"inviting"	"bringing"	"bringing"	"starting"	"releasing"	"bringing"	"acquainting"	"adding"	"bringing"	"bringing"	"adding"	"bringing"	"bringing"	"bringing"	"bringing in"	"finding"	"bringing in"	"presenting"	"inserting"	"bringing"	"presenting"	"bringing"	"bringing"	"bringing"	"establishing"	"bringing"	"presenting"	"bringing"	"bringing"	"originate"	"bringing"	"bringing in"	"welcoming"	"announcing"	"bringing"		
"2P0UB2YU98JHYGDV7WRFJJ9IPFSAM1"	"2NU8N46UXFCDASPWI4ED0NTKIOIRT1"	"corporation"	"company"	"group"	"company"	"company"	"company"	"business"	"company"	"company"	"association"	"company"	"company"	"company"	"company"	"business"	"business"	"firm"	"business"	"business"	"business"	"company"	"business"	"company"	"company"	"company"	"businesses"	"company"	"company"	"company"	"business"	"business"	"company"	"business"	"business"	"company"	"business"	"company"	"company"	"business"	"company"	"company"	"company"	"business"	"company"	"business"	"business"	"business"	"company"	"business"	"organization"	"company"	"company"		
"2HXK0COK2JE1SUH4OKCR46OZBG9SLD"	"2NU8N46UXFCDASPWI4ED0NTKIOIRT1"	"recipient"	"winner"	"receiver"	"heir"	"winner"	"receiver"	"receiver"	"taker"	"winner"	"receiver"	"winner"	"receiver"	"receiver"	"receiver"	"winner"	"winner"	"receiver"	"receiver"	"receiver"	"receiver"	"awardee"	"taker"	"receiver"	"receiver"	"winner"	"winner"	"winner"	"winner"	"receiver"	"receiver"	"receiver"	"person"	"winner"	"receiver"	"name"	"receiver"	"winner"	"winner"	"receiver"	"winner"	"receiver"	"person"	"winner"	"receiver"	"winner"	"receiver"	"winner"	"honoree"	"winner"	"receiver"	"receiver"	"receiver"		
"2V9ILKH1Q6SVWV9SCXHUEL5OCZM0JX"	"2NU8N46UXFCDASPWI4ED0NTKIOIRT1"	"demolished"	"destroyed"	"destroyed"	"damaged"	"destroyed"	"destroyed"	"destroyed"	"torn down"	"destroyed"	"wrecked"	"crashed"	"destroyed"	"destroyed"	"destroyed"	"torn down"	"destroyed"	"ruined"	"destroyed"	"destroyed"	"destroyed"	"destroyed"	"broke"	"destroyed"	"annihilated"	"destroyed"	"destroyed"	"destroyed"	"destroyed"	"destroyed"	"wrecked"	"damaged"	"torn down"	"destroyed"	"destroyed"	"destroyed"	"destroyed"	"crushed"	"destroyed"	"annihilated"	"destroyed"	"crushed"	"destroyed"	"destroyed"	"destroyed"	"destroyed"	"destroyed"	"destroyed"	"ended"	"broke"	"destroyed"	"destroyed"	"destroyed"		
"207PSI2KYEPLYCZPOWD64J3OBLZSMF"	"2NU8N46UXFCDASPWI4ED0NTKIOIRT1"	"influx"	"rush"	"increase"	"stream"	"rush"	"incoming"	"arrival"	"flood"	"entry"	"arrival"	"flow"	"arrival"	"flow"	"invasion"	"mass"	"increase"	"incoming"	"increase"	"inflow"	"rush"	"stream"	"increase"	"entry"	"flow"	"lot"	"group"	"crowd"	"arrival"	"increase"	"flood"	"increase"	"increase"	"flow"	"flood"	"flow"	"flood"	"flood"	"rush"	"flow"	"amount"	"increase"	"flow"	"pouring-in"	"flow"	"inflow"	"flood"	"surge"	"wave"	"increase"	"swell"	"increase"	"increase"		
"2FJTHV8ER9Y8ZAC2QAJMDKFHT6XQ38"	"2NU8N46UXFCDASPWI4ED0NTKIOIRT1"	"meander"	"bend"	"turn"	"curve"	"wander"	"wind"	"wander"	"change"	"bend"	"wander"	"wander"	"twist"	"curve"	"wander"	"wander"	"crack"	"wander"	"turn"	"bend"	"curve"	"wander"	"wander"	"curve"	"wander"	"wind"	"wind"	"wander"	"twist"	"wander"	"wander"	"curve"	"ramble"	"twist"	"move"	"wander"	"curve"	"bend"	"wander"	"wander"	"bend"	"wander"	"curve"	"wander"	"wander"	"wander"	"bend"	"swerve"	"wander"	"stray"	"curve"	"wander"	"wander"		
"2808IUB2YU98P4KDPMUL8FBJAMXK82"	"2NU8N46UXFCDASPWI4ED0NTKIOIRT1"	"retain"	"keep"	"keep"	"keep"	"keep"	"keeps"	"keep"	"keep"	"hold"	"keep"	"keep"	"keep"	"keep"	"keep"	"keep"	"keep"	"keep"	"keep"	"keeps"	"keep"	"keep"	"keep"	"keeps"	"hold"	"keep"	"keep"	"keep"	"keeps"	"keep"	"kept"	"keep"	"keep"	"keep"	"keep"	"keep"	"keep"	"kept"	"keep"	"keep"	"hold"	"keep"	"have"	"keep"	"hold"	"keep"	"possess"	"keep"	"keep"	"stays"	"keep"	"kept"	"keep"		
"29TRI8IUB2YUFVB1W4CBBL0FCNII63"	"2NU8N46UXFCDASPWI4ED0NTKIOIRT1"	"vitality"	"well-being"	"energy"	"energy"	"animation"	"energy"	"life"	"drive"	"health"	"health"	"life"	"energy"	"energy"	"capacity"	"energy"	"lively"	"energy"	"capacity"	"energy"	"health"	"life"	"health"	"energy"	"energy"	"vigor"	"energy"	"energy"	"pep"	"energy"	"sprite"	"health"	"energy"	"health"	"liveliness"	"energy"	"health"	"energy"	"energy"	"energy"	"health"	"energy"	"life"	"health"	"energy"	"health"	"health"	"health"	"health"	"health"	"energy"	"health"	"energy"		
"2S5FSVGULF39BFOQRRSF03NYONKN9Z"	"2NU8N46UXFCDASPWI4ED0NTKIOIRT1"	"aired"	"showed"	"shown"	"exposed"	"showed"	"showed"	"broadcast"	"announced"	"broadcasted"	"broadcasted"	"was shown"	"broadcasted"	"showed"	"shown"	"showed"	"shown"	"showed"	"was"	"broadcasted"	"showed"	"showed"	"played"	"showed"	"televised"	"ran"	"broadcasted"	"showed"	"was shown"	"was shown"	"televised"	"showed"	"was shown"	"played"	"showed"	"showed"	"shown"	"appeared"	"broadcasted"	"showed"	"played"	"came"	"showed"	"broadcasted"	"was shown"	"shown"	"played"	"was shown"	"went"	"showed"	"played"	"played"	"showed"		
"2CQER9Y8TNKISMK69V6H02OM1TOU7L"	"2NU8N46UXFCDASPWI4ED0NTKIOIRT1"	"merging"	"combining"	"combining"	"joining"	"combine"	"joining"	"joining"	"joining"	"combining"	"bringing"	"combining"	"joining"	"combining"	"joining"	"combining"	"joining"	"combining"	"combining"	"joining"	"joining"	"forming"	"combining"	"combining"	"blending"	"combining"	"combining"	"connecting"	"joining"	"combining"	"integration"	"combining"	"combining"	"combining"	"uniting"	"consolidating"	"combining"	"grouping"	"uniting"	"combining"	"putting together"	"twining"	"combining"	"combining"	"combining"	"combined"	"combining"	"combining"	"combining"	"joining"	"joining"	"combining"	"combining"		
"29E1VP9746OQ7FFAUIH6F051ROM0KW"	"2NU8N46UXFCDASPWI4ED0NTKIOIRT1"	"treacherous"	"dangerous"	"risky"	"unsafe"	"risky"	"dangerous"	"hazardous"	"dangerous"	"dangerous"	"dangerous"	"dangerous"	"dangerous"	"tricky"	"dangerous"	"dangerous"	"dangerous"	"dangerous"	"dangerous"	"dangerous"	"dangerous"	"dangerous"	"hard"	"dangerous"	"dangerous"	"dangerous"	"unsafe"	"scary"	"dangerous"	"unreliable"	"dangerous"	"dangerous"	"dangerous"	"dangerous"	"dangerous"	"hard"	"dangerous"	"dangerous"	"dangerous"	"dangerous"	"dangerous"	"dangerous"	"dangerous"	"dangerous"	"hazardous"	"sneaky"	"misleading"	"traitorous"	"evil"	"dangerous"	"dangerous"	"dangerous"	"dangerous"		
"2E2NQY2RCJK69MNY7SI0SUIARDS4TL"	"2NU8N46UXFCDASPWI4ED0NTKIOIRT1"	"offense"	"crime"	"crime"	"crime"	"crime"	"act"	"crime"	"crime"	"violation"	"crime"	"crime"	"crime"	"lapse"	"crime"	"crime"	"crime"	"crime"	"crime"	"crime"	"crime"	"crime"	"wrongdoing"	"crime"	"sin"	"crime"	"crime"	"wrong"	"crime"	"mistake"	"crime"	"crime"	"violation"	"crime"	"sin"	"crime"	"crime"	"violation"	"crime"	"crime"	"crime"	"crime"	"crime"	"crime"	"crime"	"crime"	"crime"	"crime"	"crime"	"sin"	"crime"	"broke rule"	"crime"		
"2ACHYW2GTP9RGUKP0XS6HYSOGB9SNF"	"2NU8N46UXFCDASPWI4ED0NTKIOIRT1"	"denote"	"highlight"	"express"	"signify"	"mark"	"identify"	"show"	"mark"	"mean"	"mark"	"symbolize"	"tag"	"distinguish"	"mark"	"show"	"show"	"indicate"	"show"	"means"	"meaning"	"imply"	"show"	"define"	"define"	"announce"	"mean"	"define"	"show"	"demarcate"	"represent"	"name"	"assign"	"signify"	"mean"	"blow up"	"mark"	"show"	"represent"	"show"	"show"	"dignify"	"show"	"point out"	"define"	"indicate"	"mean"	"mean"	"indicate"	"mark"	"mark"	"mark"	"show"		
"298V66RLPHIT94NGE6BIE2NJR6AF78"	"2NU8N46UXFCDASPWI4ED0NTKIOIRT1"	"degenerative"	"destructive"	"wasting"	"worsening"	"deteriorative"	"wasting"	"loss"	"wasting"	"weakening"	"worsening"	"deteriorating"	"rotting"	"progressive"	"deadly"	"debilitating"	"declining"	"worsening"	"causing"	"chronic"	"withering"	"worsening"	"wasting"	"failing"	"destroyative"	"deterioration"	"slow"	"deteriorating"	"damaging"	"worsening"	"destroying"	"slow"	"decaying"	"wasting"	"wasting"	"bad"	"ruining"	"deteriorating"	"weakening"	"destructive"	"weakening"	"worsening"	"deteriorating"	"degradative"	"damaging"	"gradual"	"destructive"	"deteriorative"	"deteriorating"	"deteriorating"	"breaking down"	"deteriorative"	"wasting"	"worsening"	"deteriorating"
"2SVDP8PJWKUDJVP6FEH3HZ0B7Y2I72"	"2NU8N46UXFCDASPWI4ED0NTKIOIRT1"	"vessels"	"boats"	"boats"	"boats"	"boats"	"ships"	"boats"	"ships"	"ships"	"boats"	"boats"	"ships"	"boats"	"boats"	"ships"	"ships"	"boats"	"boats"	"ships"	"boats"	"boats"	"ships"	"ships"	"containers"	"ships"	"ships"	"boats"	"ships"	"boats"	"ships"	"boats"	"ships"	"ships"	"boats"	"ships"	"ships"	"vehicles"	"boats"	"ships"	"ships"	"boats"	"ships"	"boats"	"boats"	"boats"	"boats"	"ships"	"boats"	"ships"	"boats"	"boats"	"boats"		
"2F4NCWYB49F9YFK11CSJWNST6LESOU"	"2NU8N46UXFCDASPWI4ED0NTKIOIRT1"	"terminated"	"finished"	"ended"	"ended"	"ended"	"ended"	"ended"	"ended"	"ended"	"ended"	"fired"	"ended"	"ended"	"concluded"	"ended"	"ended"	"ended"	"ended"	"fired"	"ended"	"ended"	"ended"	"abolished"	"ended"	"ended"	"ended"	"ended"	"stopped"	"finished"	"stopped"	"stopped"	"ended"	"ended"	"ended"	"ended"	"evicted"	"finished"	"ended"	"finished"	"ended"	"finished"	"ended"	"ended"	"ended"	"finished"	"ended"	"ended"	"ended"	"stopped"	"killed"	"ended"	"ended"		
"2EXB0HFL42J1RLXSFIT7U0IGGOR0LZ"	"2NU8N46UXFCDASPWI4ED0NTKIOIRT1"	"commemorate"	"honor"	"remember"	"honor"	"remember"	"honor"	"honor"	"celebrate"	"honor"	"honor"	"remember"	"note"	"celebrate"	"celebrate"	"remember"	"celebrate"	"honor"	"remember"	"honor"	"honor"	"honor"	"honor"	"retrospect"	"remember"	"honor"	"remember"	"honor"	"remember"	"honor"	"remember"	"remember"	"remember"	"remember"	"celebrate"	"honor"	"memorialize"	"celebrate"	"celebrate"	"memorialize"	"honor"	"remember"	"remember"	"remember"	"honor"	"honor"	"remember"	"celebrate"	"celebrate"	"honor"	"remember"	"remember"	"honor"		
"2U78PJWKUDD8393NUE0Z8B6UUSFK9R"	"2NU8N46UXFCDASPWI4ED0NTKIOIRT1"	"unstable"	"shaky"	"shaky"	"shaky"	"shaky"	"weak"	"shaky"	"changeable"	"wobbly"	"unsettled"	"rickety"	"wobbly"	"shaky"	"unsteady"	"unsettled"	"wobbly"	"unbalanced"	"shaky"	"unsteady"	"unsteady"	"shaky"	"volatile"	"rocky"	"unbalanced"	"not fixed"	"loose"	"untenable"	"uneasy"	"shaky"	"soft"	"unsafe"	"fishy"	"runny"	"weak"	"flaky"	"unsafe"	"moving"	"unsafe"	"lacking"	"shaky"	"unsteady"	"crazy"	"shaky"	"insecure"	"chaotic"	"weak"	"flimsy"	"loose"	"flexible"	"shaky"	"uneasy"	"shaky"		
"2K6H1XERSQV6CED9LTK3PVWAWOR80K"	"2NU8N46UXFCDASPWI4ED0NTKIOIRT1"	"origin"	"beginning"	"start"	"beginning"	"beginning"	"basis"	"birthplace"	"start"	"start"	"root"	"start"	"source"	"beginning"	"beginning"	"beginning"	"start"	"start"	"source"	"beginning"	"birth"	"beginning"	"start"	"beginning"	"beginning"	"beginning"	"start"	"beginning"	"beginning"	"source"	"beginning"	"beginning"	"beginning"	"root"	"beginning"	"start"	"beginning"	"beginning"	"beginning"	"beginning"	"start"	"beginning"	"beginning"	"source"	"beginning"	"start"	"beginning"	"start"	"beginning"	"beginning"	"start"	"starting"	"beginning"		
"2Z5MHGYQ4J3NGYYVJX6FWYYIU52NAE"	"2NU8N46UXFCDASPWI4ED0NTKIOIRT1"	"novels"	"books"	"books"	"books"	"books"	"books"	"books"	"books"	"books"	"books"	"stories"	"stories"	"books"	"books"	"stories"	"stories"	"books"	"stories"	"books"	"books"	"stories"	"stories"	"books"	"stories"	"books"	"writings"	"books"	"book"	"story books"	"stories"	"books"	"books"	"books"	"books"	"books"	"books"	"books"	"stories"	"books"	"books"	"books"	"stories"	"books"	"books"	"books"	"books"	"books"	"books"	"books"	"books"	"books"	"books"		
"24XSVGULF395YJY7KC6SBNYNKF7AOG"	"2NU8N46UXFCDASPWI4ED0NTKIOIRT1"	"eminent"	"famous"	"renowned"	"superior"	"skilled"	"famous"	"famous"	"famous"	"famous"	"prominent"	"leader"	"current"	"respected"	"popular"	"great"	"great"	"noteworthy"	"powerful"	"lead"	"best"	"high"	"holy"	"important"	"important"	"outstanding"	"exalted"	"famous"	"famous"	"popular"	"grand"	"important"	"superior"	"important"	"respected"	"noticeable"	"commanding"	"honored"	"superior"	"famous"	"important"	"superior"	"popular"	"famous"	"higher"	"famous"	"top"	"impressive"	"superior"	"famous"	"upcoming"	"talented"	"famous"		
"24BL0XULRGNTH6V6QOO5NP7N76TQ4T"	"2NU8N46UXFCDASPWI4ED0NTKIOIRT1"	"deadlocked"	"stuck"	"tied"	"tied"	"tied"	"stuck"	"stuck"	"tied"	"stalemate"	"stalled"	"stuck"	"stalled"	"tied"	"tied"	"tied"	"stagnant"	"tied"	"tied"	"tied"	"tied"	"tied"	"gridlocked"	"tied"	"tied"	"stalemated"	"stuck"	"tied"	"stalled"	"undecided"	"standing still"	"tied"	"stuck"	"tied"	"tied"	"stopped"	"tied"	"tied"	"tied"	"tied"	"tied"	"stuck"	"tied"	"tied"	"stopped"	"standstill"	"stuck"	"undecided"	"centered"	"tied"	"tied up"	"stuck"	"tied"		
"29D7WGKCCVLL9Z2N7X8AXQ4CARZ4UC"	"2NU8N46UXFCDASPWI4ED0NTKIOIRT1"	"concepts"	"ideas"	"ideas"	"ideas"	"ideas"	"ideas"	"ideas"	"ideas"	"notions"	"idea"	"ideas"	"ideas"	"ideas"	"views"	"ideas"	"ideas"	"ideas"	"ideas"	"theories"	"ideas"	"ideas"	"ideas"	"ideas"	"ideas"	"ideas"	"ideas"	"ideas"	"ideas"	"ideas"	"ideas"	"ideas"	"ideas"	"ideas"	"ideas"	"ideas"	"ideas"	"idea"	"ideas"	"ideas"	"ideas"	"ideas"	"ideas"	"ideas"	"ideas"	"ideas"	"ideas"	"ideals"	"ideas"	"ideas"	"ideas"	"ideas"	"ideas"		
"2BU26DG67D1X9ISZOB3OS2JE2QGF8V"	"2NU8N46UXFCDASPWI4ED0NTKIOIRT1"	"categories"	"types"	"types"	"sections"	"lists"	"areas"	"groups"	"separations"	"sections"	"groups"	"types"	"groups"	"groups"	"groups"	"groups"	"groups"	"groups"	"groupings"	"things"	"groups"	"types"	"groups"	"classes"	"kinds"	"groups"	"groups"	"types"	"types"	"selections"	"types"	"groups"	"groups"	"groups"	"sections"	"groups"	"groups"	"labels"	"groups"	"groups"	"kinds"	"groups"	"groups"	"types"	"types"	"sections"	"groups"	"collections"	"parts"	"types"	"types"	"groups"	"groups"		
"2I3Y58B727M0O374LOS66FSVG84VA3"	"2NU8N46UXFCDASPWI4ED0NTKIOIRT1"	"bolster"	"boost"	"build"	"back"	"strengthen"	"support"	"boost"	"expand"	"increase"	"strengthen"	"supporter"	"strengthen"	"strengthen"	"strengthen"	"boost"	"enhance"	"strengthen"	"strengthen"	"strengthen"	"add"	"increase"	"boost"	"strengthen"	"support"	"strengthen"	"support"	"increase"	"support"	"expand"	"enhance"	"assist"	"better"	"strengthen"	"support"	"support"	"support"	"improve"	"improve"	"support"	"improve"	"strengthen"	"strengthen"	"build"	"improve"	"support"	"support"	"raise"	"build up"	"strengthen"	"improve"	"support"	"strengthen"		
"27A1CSTMOFXRJFW2GC5YLNXJGQASPB"	"2NU8N46UXFCDASPWI4ED0NTKIOIRT1"	"estimated"	"guessed"	"guessed"	"guessed"	"guessed"	"guessed"	"guessed"	"guessed"	"guessed"	"guessed"	"guessed"	"judged"	"predicted"	"guessed"	"guessed"	"guessed"	"judged"	"guessed"	"projected"	"guessed"	"guessed"	"guessed"	"guessed"	"guessed"	"guessed"	"guessed"	"guessed"	"guessed"	"thought"	"assessed"	"guessed"	"guessed"	"approximated"	"guessed"	"guessed"	"guessed"	"guessed"	"guessed"	"guessed"	"guessed"	"guessed"	"guessed"	"guessed"	"judged"	"guessed"	"guessed"	"guessed"	"guessed"	"guessed"	"assessed"	"guessed"	"guessed"		
"2IANQQ7Q67057DCWR2S21QC1YQPVBY"	"2NU8N46UXFCDASPWI4ED0NTKIOIRT1"	"radiating"	"coming"	"expanding"	"spreading"	"coming"	"emitting"	"beaming"	"spreading"	"jutting"	"centering"	"spreading"	"spreading"	"spreading"	"extending"	"coming"	"depositing"	"glowing"	"coming"	"issuing"	"extending"	"glowing"	"spreading"	"coming"	"extending"	"sticking"	"diverging"	"coming"	"branch out"	"shooting"	"spreading"	"spreading out"	"coming"	"extending"	"spreading"	"extending"	"spreading"	"spreading"	"extending"	"scattering"	"extending"	"extending"	"glowing"	"extending"	"extending"	"spreading"	"spreading"	"glowing"	"extending"	"spreading"	"extending"	"pointing out"	"spreading"		
"2WW4EGDHDM25RVATRAN6PEZ6PIDCM5"	"2NU8N46UXFCDASPWI4ED0NTKIOIRT1"	"applied"	"adhered"	"used"	"used"	"used"	"joined"	"used"	"useful"	"made"	"used"	"placed"	"used"	"dispensed"	"added"	"used"	"used"	"made"	"affected"	"used"	"used"	"added"	"used"	"put"	"used"	"used"	"given"	"used"	"made"	"used"	"work"	"used"	"put"	"used"	"used"	"made"	"fasten"	"placed"	"put"	"put on"	"used"	"put"	"used"	"used"	"added"	"added"	"used"	"set"	"used"	"used"	"administered"	"used"	"used"		
"217FE4EGDHDM8SDSMKEZ46HE0AXKA6"	"2NU8N46UXFCDASPWI4ED0NTKIOIRT1"	"atrocious"	"horrendous"	"terrible"	"terrible"	"terrible"	"bad"	"horrible"	"gross"	"gross"	"horrific"	"awful"	"awful"	"terrible"	"horrible"	"horrible"	"bad"	"horrible"	"distasteful"	"awful"	"awful"	"awful"	"bad"	"odious"	"gross"	"terrible"	"horrible"	"dreadful"	"awful"	"horrible"	"awful"	"awful"	"horrible"	"awful"	"displeasing"	"disgusting"	"terrible"	"terrible"	"bad"	"bad"	"awful"	"bad"	"horrible"	"awful"	"terrible"	"terrible"	"bad"	"bad"	"horrible"	"terrible"	"gross"	"awful"	"awful"		
"2TUF0CP5KXPTOAA21974XM7NZAFXYI"	"2NU8N46UXFCDASPWI4ED0NTKIOIRT1"	"dispersing"	"moving"	"spread"	"leaving"	"running"	"scattering"	"spreading"	"spreading"	"scattering"	"separating"	"scattering"	"separating"	"spreading"	"scattering"	"spreading"	"separating"	"scattering"	"leaving"	"spreading"	"scattering"	"scattering"	"separating"	"spreading"	"separating"	"scattering"	"scattering"	"scattering"	"breaking up"	"spreading"	"flying"	"scattering"	"moving away"	"vanishing"	"spreading out"	"spreading"	"spreading"	"moving away"	"spreading"	"diffusing"	"leaving"	"scattering"	"scattering"	"separating"	"leaving"	"spreading"	"scattering"	"scattering"	"separating"	"spreading"	"leaving"	"spreading"	"scattering"		
"2X7GSNTL0XULX3FDFUUMUDX5GTH0M1"	"2NU8N46UXFCDASPWI4ED0NTKIOIRT1"	"employees"	"workers"	"workers"	"staff"	"workers"	"workers"	"workers"	"workers"	"workers"	"workers"	"workers"	"workers"	"workers"	"workers"	"workers"	"workers"	"workers"	"workers"	"workers"	"worker"	"hirees"	"workers"	"workers"	"workers"	"workers"	"workers"	"workers"	"workers"	"workers"	"workers"	"workers"	"workers"	"servers"	"workers"	"workers"	"workers"	"workers"	"workers"	"workers"	"workers"	"workers"	"workers"	"workers"	"workers"	"workers"	"workers"	"workers"	"workers"	"workers"	"workers"	"workers"	"workers"		
"2ZCB2YU98JHSZ83NPB6BR9IOCNNNB9"	"2NU8N46UXFCDASPWI4ED0NTKIOIRT1"	"prohibited"	"stopped"	"banned"	"banned"	"banned"	"kept"	"banned"	"prevented"	"barred"	"forbade"	"banned"	"stopped"	"hinder"	"prevented"	"banned"	"prevented"	"stopped"	"prevented"	"stopped"	"blocked"	"banned"	"stopped"	"prevented"	"kept"	"forbid"	"banned"	"forbid"	"banned"	"stopped"	"kept"	"forbid"	"stopped"	"stopped"	"prevent"	"kept"	"forbid"	"stopped"	"forbade"	"stopped"	"stopped"	"stopped"	"banned"	"blocked"	"prevented"	"prevented"	"stopped"	"prevented"	"kept"	"stopped"	"didn't allow"	"against"	"stopped"		
"2JS1QP6AUC26J3YRHCO330FK1GX81N"	"2NU8N46UXFCDASPWI4ED0NTKIOIRT1"	"eliminated"	"removed"	"removed"	"removed"	"dropped"	"removed"	"sacked"	"disqualified"	"stopped"	"removed"	"cast-off"	"removed"	"dropped"	"kicked"	"removed"	"removed"	"removed"	"removed"	"removed"	"removed"	"removed"	"removed"	"removed"	"knocked out"	"removed"	"removed"	"removed"	"removed"	"deleted"	"taken"	"removed"	"contest"	"extracted"	"removed"	"removed"	"removed"	"removed"	"removed"	"removed"	"removed"	"removed"	"removed"	"disqualified"	"ended"	"removed"	"removed"	"cut"	"removed"	"removed"	"kicked out"	"removed"	"removed"		
"25CQIHPCGJ2D8OGN0GOH8JPPTMB824"	"2NU8N46UXFCDASPWI4ED0NTKIOIRT1"	"characteristics"	"features"	"traits"	"attributes"	"traits"	"aspects"	"traits"	"individuality"	"traits"	"aspects"	"features"	"traits"	"qualities"	"attributes"	"elements"	"stats"	"traits"	"features"	"mood"	"qualities"	"makeup"	"traits"	"features"	"qualities"	"attributes"	"qualities"	"traits"	"features"	"attribute"	"details"	"qualities"	"qualities"	"features"	"qualities"	"aspects"	"properties"	"appearance"	"features"	"traits"	"traits"	"traits"	"typical"	"traits"	"traits"	"features"	"qualities"	"traits"	"parts"	"aspects"	"qualities"	"features"	"traits"		
"2W36VCPWZ9RNJJA8ZCJ70N3DUK3APX"	"2NU8N46UXFCDASPWI4ED0NTKIOIRT1"	"assembled"	"made"	"made"	"made"	"composed"	"built"	"created"	"made"	"made"	"build"	"gathered"	"made"	"built"	"created"	"gathered"	"built"	"built"	"created"	"built"	"gathered"	"made"	"made"	"made"	"made"	"made"	"united"	"made"	"made"	"made"	"constructed"	"joined"	"created"	"joined"	"built"	"made"	"combined"	"built"	"combined"	"built"	"made"	"made"	"made"	"combined"	"made"	"built"	"created"	"manufactured"	"made"	"created"	"put together"	"put together"	"made"		
"22H6R70G5R98JVBNZPYW0STNZGPAQO"	"2NU8N46UXFCDASPWI4ED0NTKIOIRT1"	"scant"	"little"	"little"	"spare"	"limited"	"little"	"little"	"restricted"	"little"	"bare"	"short"	"basic"	"bare"	"little"	"limited"	"little"	"limited"	"little"	"little"	"little"	"small"	"small"	"little"	"little"	"little"	"little"	"litt;e"	"less"	"simple"	"little"	"short"	"little"	"little"	"insufficient"	"small"	"small"	"little"	"little"	"little"	"limited"	"little"	"limited"	"small"	"small"	"little"	"little"	"little"	"little"	"little"	"little"	"limited"	"little"		
"2PZ88MQU6L5OHI4252OXCAIJGBPVC5"	"2NU8N46UXFCDASPWI4ED0NTKIOIRT1"	"established"	"created"	"created"	"founded"	"set up"	"proven"	"began"	"founded"	"founded"	"founded"	"maintained"	"began"	"founded"	"began"	"created"	"founded"	"created"	"founded"	"started"	"started"	"started"	"started"	"founded"	"mare"	"created"	"discovered"	"fixed"	"made"	"made"	"created"	"made"	"set up"	"created"	"created"	"founded"	"formed"	"created"	"started"	"set up"	"founded"	"started"	"started"	"found"	"created"	"founded"	"started"	"started"	"created"	"made"	"founded"	"started"	"founded"		
"2W342J1LY58BDPZ64T7FSHD172OQ5Y"	"2NU8N46UXFCDASPWI4ED0NTKIOIRT1"	"allocated"	"given"	"allowed"	"allotted"	"given"	"given"	"given"	"shared"	"given"	"given"	"assigned"	"given"	"trusted"	"assigned"	"given"	"given"	"gave"	"divided"	"given"	"assigned"	"given"	"given"	"assigned"	"payable"	"given"	"given"	"given"	"given"	"given"	"given"	"given"	"assigned"	"given"	"given"	"assigned"	"given"	"disbursed"	"given"	"given"	"given"	"given"	"assigned"	"given"	"given"	"given"	"given"	"given"	"given"	"given"	"given"	"given"	"given"		
"27C8Y1THV8ERFL0DRV9M7SM5LJR0N1"	"2NU8N46UXFCDASPWI4ED0NTKIOIRT1"	"portion"	"amount"	"piece"	"part"	"part"	"part"	"bit"	"part"	"part"	"part"	"part"	"amount"	"part"	"amount"	"amount"	"part"	"part"	"part"	"part"	"part"	"piece"	"part"	"amount"	"part"	"piece"	"part"	"amount"	"part"	"piece"	"piece"	"part"	"helping"	"part"	"piece"	"part"	"piece"	"piece"	"amount"	"part"	"part"	"part"	"amount"	"part"	"part"	"piece"	"part"	"part"	"cut"	"part"	"part"	"part"	"part"		
"2DO18N46UXFCJRXHGPKNLSNTLMWSQ2"	"2NU8N46UXFCDASPWI4ED0NTKIOIRT1"	"awarded"	"given"	"prized"	"given"	"given"	"gave"	"given"	"given"	"given"	"given"	"given"	"given"	"given"	"granted"	"given"	"given"	"rewarded"	"given"	"given"	"given"	"given"	"given"	"granted"	"given"	"granted"	"granted"	"given"	"given"	"given"	"given"	"given"	"given"	"given"	"given"	"given"	"given"	"given"	"given"	"given"	"given"	"given"	"given"	"given"	"given"	"given"	"given"	"given"	"given"	"rewarded"	"given"	"given"	"given"		
"2C4EC1PC6SK9X60PSA9ZMHMABTW0OG"	"2NU8N46UXFCDASPWI4ED0NTKIOIRT1"	"reclaim"	"take"	"take"	"recover"	"retake"	"get"	"take back"	"take"	"retook"	"take back"	"recover"	"get back"	"take"	"retake"	"win back"	"rescue"	"recover"	"take"	"take back"	"recover"	"took"	"recover"	"get"	"get back"	"retake"	"take"	"take back"	"retake"	"get back"	"take back"	"take"	"retake"	"recover"	"retake"	"retake"	"get back"	"get"	"take"	"take"	"get back"	"take"	"retake"	"gain"	"take"	"capture"	"recover"	"get back"	"take"	"recover"	"rescue"	"get"	"take"		
"2BFFCD45XCETT0K7XV9NBTGP54JXZ9"	"2NU8N46UXFCDASPWI4ED0NTKIOIRT1"	"persist"	"continue"	"continue"	"continue"	"continue"	"continue"	"continue"	"remain"	"continue"	"proceed"	"lives"	"exist"	"continue"	"go on"	"continue"	"stay"	"continue"	"continue"	"continue"	"stay"	"endure"	"be"	"insist"	"still exist"	"continue"	"continue"	"continue"	"exist"	"continue"	"fight"	"continue"	"endure"	"exist"	"continue"	"continue"	"stay"	"continue"	"continue"	"continue"	"continue"	"exist"	"keep up"	"continue"	"continue"	"continue"	"continue"	"survive"	"continue"	"continue"	"continue"	"continue"	"continue"		
"2P1IA0RYNJ92T6C64G2MRTUHZ0B83F"	"2NU8N46UXFCDASPWI4ED0NTKIOIRT1"	"persist"	"go on"	"remain"	"stay"	"continue"	"continue"	"continue"	"continue"	"go on"	"last"	"continue"	"continue"	"continue"	"pursue"	"continue"	"continue"	"survive"	"continue"	"keep"	"continue"	"continue"	"continue"	"endure"	"continue"	"continues"	"continue"	"be"	"continue"	"continue"	"keep on"	"continue"	"exist"	"continue"	"continue"	"continue"	"continue"	"continue"	"live"	"persevere"	"continue"	"endure"	"continue"	"exist"	"continue"	"stay"	"continue"	"keep going"	"continue"	"keep up"	"remain"	"continue"	"continue"		
"217EIB9BAWLSSKHA96OUL3MTSVJ2Z4"	"2NU8N46UXFCDASPWI4ED0NTKIOIRT1"	"manuscript"	"draft"	"book"	"document"	"document"	"article"	"draft"	"script"	"paper"	"draft"	"draft"	"document"	"paper"	"paper"	"document"	"essay"	"paper"	"copy"	"draft"	"writing"	"writing"	"writing"	"document"	"text"	"document"	"work"	"papers"	"text"	"draft"	"drafty"	"composition"	"unpublished book"	"writing"	"book"	"writing"	"script"	"book"	"paper"	"paper"	"book"	"writing"	"work"	"book"	"book"	"draft"	"text"	"work"	"book"	"text"	"text"	"document"	"draft"	"document"	"book"
"2GH2MIKMN9U8VWQNC4NW5I3SV2RARP"	"2NU8N46UXFCDASPWI4ED0NTKIOIRT1"	"brawls"	"fights"	"fights"	"fight"	"fights"	"fights"	"fights"	"fights"	"fights"	"fights"	"fights"	"argues"	"fights"	"fights"	"fight"	"fights"	"fights"	"fights"	"fights"	"fights"	"fights"	"fights"	"argues"	"clashes"	"argues"	"fights"	"fights"	"quarrels"	"fights"	"fights"	"fights"	"fights"	"fights"	"argues"	"fights"	"fights"	"fights"	"fights"	"fights"	"fights"	"fights"	"fights"	"fights"	"fights"	"fights"	"fights"	"fought"	"fights"	"fights"	"fights"	"fights"	"fights"		
"2GDXX2Q45UUKWBQ0RTN1VS8OH4AASD"	"2NU8N46UXFCDASPWI4ED0NTKIOIRT1"	"repealed"	"overturned"	"removed"	"canceled"	"canceled"	"overturned"	"canceled"	"abolished"	"lifted"	"canceled"	"annulled"	"canceled"	"abolished"	"withdrawn"	"removed"	"canceled"	"stopped"	"canceled"	"legalized"	"removed"	"canceled"	"canceled"	"abolished"	"canceled"	"canceled"	"stopped"	"withdrawn"	"vetoed"	"canceled"	"withdrawn"	"stopped"	"abolished"	"appealed"	"taken back"	"revoked"	"ended"	"canceled"	"canceled"	"canceled"	"banned"	"canceled"	"removed"	"revoked"	"unoutlawed"	"canceled"	"undone"	"aborted"	"canceled"	"revoked"	"canceled"	"canceled"	"canceled"		
"2EKQ45UUKQOYMAAG5YJ8WG011B1VD5"	"2NU8N46UXFCDASPWI4ED0NTKIOIRT1"	"grasp"	"hold"	"understand"	"understanding"	"knowledge"	"understanding"	"feel"	"idea"	"clasp"	"understanding"	"idea"	"knowledge"	"hold"	"understanding"	"hold"	"understanding"	"handle"	"hold"	"apprehend"	"understanding"	"hold"	"understanding"	"understanding"	"getting"	"understanding"	"understanding"	"understanding"	"understanding"	"grab"	"understanding"	"understanding"	"knowing"	"apprehension"	"understanding"	"grip"	"hold"	"hold"	"understanding"	"hold"	"thought"	"hold"	"hold"	"clench"	"idea"	"understand"	"hold"	"understanding"	"understanding"	"hold"	"understanding"	"understanding"	"understanding"		
