"295TL0XULRGNZYBNQX4XDFP7OF43PX"	"2NU8N46UXFCDASPWI4ED0NTKIOIRT1"	"pieces"	"cuts"	"parts"	"bits"	"bits"	"parts"	"parts"	"parts"	"parts"	"parts"	"bits"	"chunks"	"parts"	"parts"	"part"	"parts"	"parts"	"parts"	"parts"	"parts"	"bits"	"components"	"parts"	"parts"	"portions"	"parts"	"parts"	"parts"	"parts"	"parts"	"parts"	"parts"	"parts"	"part"	"parts"	"parts"	"parts"	"parts"	"parts"	"parts"	"parts"	"parts"	"parts"	"parts"	"parts"	"parts"	"parts"	"parts"	"parts"	"parts"	"parts"
"2P1VCNHMVHVKI6SL5VT7CJ79LZY13R"	"2NU8N46UXFCDASPWI4ED0NTKIOIRT1"	"diverted"	"rerouted"	"redirected"	"averted"	"turned"	"changed"	"dodge"	"changed"	"rechanneled"	"changed"	"changed"	"moved"	"changed"	"redirected"	"rerouted"	"deflected"	"deviated"	"changed"	"averted"	"changed"	"veered"	"drifted"	"redirected"	"redirected"	"redirected"	"redirected"	"detracted"	"turned"	"moved"	"separated"	"changed"	"changed"	"moved"	"changed"	"changed"	"turned"	"deviated"	"rerouted"	"altered"	"changed"	"altered"	"sent"	"separated"	"avert"	"changed"	"moved."	"deflected"	"separated"	"moved"	"moved"	"moved"
"2ECLRGNTBJ3MS0PPJ0YNE2KHCIO8UQ"	"2NU8N46UXFCDASPWI4ED0NTKIOIRT1"	"possessor"	"owner"	"owner"	"owner"	"owner"	"owner"	"owner"	"owner"	"owner"	"owner"	"owner"	"holder"	"owner"	"owner"	"owner"	"owner"	"owner"	"owner"	"owner"	"owner"	"owner"	"owner"	"owner"	"owner"	"owner"	"owner"	"owner"	"owner"	"owner"	"owner"	"owner"	"owner"	"owner"	"master"	"owner"	"owner"	"owner"	"owner"	"owner"	"buyer"	"owner"	"owner"	"owner"	"owner"	"holder"	"owner"	"owner"	"owner"	"owner"	"owner"	"owner"
"2PWR9Y8TNKIM5FEPOQ8SAOM0QPX8VF"	"2NU8N46UXFCDASPWI4ED0NTKIOIRT1"	"perils"	"dangers"	"risks"	"trouble"	"concerns"	"dangers"	"dangers"	"difficulties"	"dangers"	"dangers"	"dangers"	"dangers"	"dangers"	"challenges"	"dangers"	"dangers"	"dangers"	"dangers"	"dangers"	"troubles"	"dangers"	"dangers"	"dangers"	"danger"	"dangers"	"dangers"	"problems"	"hazards"	"dangers"	"dangers"	"hazards"	"dangers"	"dangers"	"dangers"	"dangers"	"dangers"	"dangers"	"dangers"	"dangers"	"dangers"	"dangers"	"dangers"	"dangers"	"dangers"	"risks"	"risks"	"dangers"	"dangers"	"dangers"	"dangers"	"dangers"
"2MPDZKPFE4EGJ4566GC8Q9NZXFJ6G2"	"2NU8N46UXFCDASPWI4ED0NTKIOIRT1"	"retained"	"kept"	"stayed"	"kept"	"kept"	"kept"	"kept"	"remained"	"kept"	"kept"	"kept"	"kept"	"kept"	"kept"	"kept"	"kept"	"kept"	"kept"	"kept"	"kept"	"kept"	"kept"	"held"	"kept"	"kept"	"kept"	"kept"	"kept"	"maintained"	"kept"	"hold"	"kept"	"kept"	"maintained"	"kept"	"kept"	"kept"	"kept"	"kept"	"kept"	"kept"	"kept"	"kept"	"kept"	"held"	"kept"	"maintained"	"kept"	"held"	"kept"	"kept"
"25TDDP8PJWKUJ00HQMUQB9Z0CFW6H1"	"2NU8N46UXFCDASPWI4ED0NTKIOIRT1"	"residence"	"house"	"home"	"home"	"home"	"house"	"home"	"home"	"home"	"home"	"home"	"home"	"house"	"home"	"home"	"home"	"home"	"home"	"house"	"home"	"home"	"home"	"home"	"address"	"home"	"home"	"home"	"home"	"building"	"housing"	"home"	"housing"	"home"	"home"	"home"	"house"	"home"	"home"	"house"	"house"	"house"	"home"	"home"	"house"	"home"	"house"	"house"	"home"	"home"	"home"	"home"
"2W80ONNVRH1KNB1YK227ENV9MTXNWR"	"2NU8N46UXFCDASPWI4ED0NTKIOIRT1"	"procured"	"acquired"	"gotten"	"gathered"	"gotten"	"got"	"gotten"	"made"	"found"	"obtained"	"gathered"	"gathered"	"obtained"	"acquired"	"obtained"	"obtained"	"gotten"	"obtained"	"found"	"gained"	"received"	"acquired"	"obtained"	"gotten"	"created"	"attained"	"gotten"	"gotten"	"acquired"	"gotten"	"gotten"	"got"	"get"	"attained"	"obtained"	"gotten"	"made"	"obtained"	"gotten"	"acquired"	"made"	"obtained"	"gotten"	"provided"	"obtained"	"obtained"	"captured"	"acquired"	"gained"	"created"	"gotten"
"23B6YTWX4H3H8C3OHK0GQ6IJSK6Y3L"	"2NU8N46UXFCDASPWI4ED0NTKIOIRT1"	"convened"	"called"	"collect"	"grouped"	"gathered"	"put together"	"called"	"began"	"called together"	"called"	"organized"	"arranged"	"gathered"	"gathered"	"called"	"collected"	"organized"	"gathered"	"summoned"	"set up"	"assembled"	"started"	"assembled"	"united"	"called together"	"called"	"called"	"assembled"	"opened"	"met"	"called"	"met"	"united"	"called"	"became"	"called"	"called"	"gathered"	"call together"	"brought"	"called"	"called"	"gathered"	"called"	"formed"	"gathered"	"organized"	"called"	"summoned"	"assembled"	"gathered"
"26XE4EGDHDM2B802DYQWEHEZ7XGBLY"	"2NU8N46UXFCDASPWI4ED0NTKIOIRT1"	"vital"	"essential"	"needed"	"important"	"necessary"	"needed"	"important"	"necessary"	"crucial"	"mandatory"	"necessary"	"essential"	"essential"	"necessary"	"necessary"	"essential"	"important"	"essential"	"necessary"	"essential"	"essential"	"needed"	"important"	"necessary"	"needed"	"important"	"important"	"important"	"important"	"important"	"essential"	"needed"	"important"	"essential"	"needed"	"necessary"	"needed"	"critical"	"crucial"	"critical"	"important"	"necessary"	"required"	"important"	"necessary"	"needed"	"necessary"	"essential"	"essential"	"necessary"	"critical"
"21K74J79KQW67VFOA5OFKD45YLGJHK"	"2NU8N46UXFCDASPWI4ED0NTKIOIRT1"	"acquired"	"obtain"	"gotten"	"gotten"	"gained"	"bought"	"got"	"gotten"	"gotten"	"gained"	"purchased"	"obtained"	"got hold of"	"possessed"	"got"	"attained"	"received"	"gained"	"received"	"received"	"gained"	"attained"	"gotten"	"gained"	"gotten"	"obtained"	"purchased"	"received"	"gotten"	"gained"	"inherited"	"gotten"	"bought"	"taken"	"obtained"	"gained"	"received"	"gotten"	"gathered"	"received"	"gotten"	"got"	"attained"	"obtained"	"gotten"	"gained"	"received"	"received"	"obtained"	"received"	"gotten"
"29TRI8IUB2YUFVB1W4CBBL0FCSB6IU"	"2NU8N46UXFCDASPWI4ED0NTKIOIRT1"	"abundance"	"amount"	"lot"	"amount"	"a lot"	"profusion"	"amount"	"a lot"	"supply"	"bounty"	"loads"	"excess"	"bounty"	"overflow"	"excess"	"number"	"surplus"	"quantities"	"bounty"	"multitude"	"concentration"	"overflow"	"number"	"several"	"amount"	"supply"	"a lot"	"large amount"	"amount"	"surplus"	"a lot"	"amount"	"bounty"	"supply"	"plenty"	"plenty"	"richness"	"amount"	"amount"	"plenty"	"plentiful"	"overflow"	"excess"	"fortune"	"mass"	"plenty"	"excessive"	"surplus"	"frequency"	"plenty"	"wealth"
"28AQV66RLPHIZQ9F0LMKQ62NKZ4E6T"	"2NU8N46UXFCDASPWI4ED0NTKIOIRT1"	"substantial"	"important"	"large"	"large"	"vast"	"sizable"	"major"	"significant"	"large"	"big"	"large"	"large"	"large"	"large"	"considerable"	"large"	"large"	"considerable"	"large"	"significant"	"large"	"significant"	"large"	"significant"	"large"	"large"	"large"	"considerable"	"large"	"many"	"good"	"lots"	"large"	"considerable"	"many"	"large"	"ample"	"huge"	"large"	"significant"	"large"	"large"	"large"	"large"	"important"	"significant"	"large"	"considerable"	"large"	"large"	"large"
"22QI9NZW6HEZCB6OU7YTG69GVV3NXK"	"2NU8N46UXFCDASPWI4ED0NTKIOIRT1"	"arid"	"dry"	"dry"	"barren"	"dry"	"dry"	"dry"	"dry"	"dry"	"dry"	"dry"	"dry"	"(a) dry"	"dry"	"dry"	"dry"	"dry"	"barren"	"dry"	"dry"	"dry"	"dry"	"dry"	"dry"	"dry"	"dry"	"dry"	"dry"	"dry"	"dry"	"dry"	"dry"	"dry"	"dry"	"dry"	"barren"	"dry"	"dry"	"dry"	"dry"	"dry"	"dry"	"dry"	"dry"	"dry"	"dry"	"barren"	"dry"	"dry"	"dry"	"dry"
"21GEPLSP75KLSTO37Z1HYEQVK05SY7"	"2NU8N46UXFCDASPWI4ED0NTKIOIRT1"	"meandered"	"wandered"	"twirled"	"roamed"	"wandered"	"wandered"	"wandered"	"circled"	"wandered"	"snuck"	"wandered"	"twist"	"wandered"	"turned"	"wandered"	"moved"	"strolled"	"went"	"wandered"	"wandered"	"wandered"	"wandered"	"wandered"	"circled"	"wandered"	"walked"	"circled"	"wandered"	"wandered"	"circled"	"wandered"	"circled"	"snaked"	"wandered"	"moved"	"wandered"	"wandered"	"wondered"	"moved"	"wandered"	"move"	"moved"	"roamed"	"walked"	"moved"	"wandered"	"moved"	"wandered"	"sauntered"	"wandered"	"wandered"
"2S3YHVI44OS2Q8MSHY5Z0BAP6K2Y46"	"2NU8N46UXFCDASPWI4ED0NTKIOIRT1"	"generated"	"made"	"made"	"formed"	"made"	"made"	"made"	"made"	"created"	"created"	"created"	"created"	"created"	"made"	"created"	"created"	"created"	"created"	"produced"	"created"	"created"	"made"	"made"	"created"	"made"	"created"	"caused"	"created"	"brought"	"created"	"made"	"made"	"created"	"created"	"made"	"produced"	"made"	"caused"	"made"	"created"	"created"	"created"	"made"	"made"	"created"	"made"	"created"	"made"	"made"	"created"	"produced"
"2DO18N46UXFCJRXHGPKNLSNTLROQS2"	"2NU8N46UXFCDASPWI4ED0NTKIOIRT1"	"comprise"	"make up"	"consist of"	"include"	"have"	"make up"	"include"	"assemble"	"make up"	"contain"	"consist"	"contain"	"cover"	"contain"	"include"	"make up"	"contain"	"contain"	"contain"	"make up"	"include"	"compose"	"contain"	"contain"	"include"	"make up"	"make up"	"made"	"include"	"have"	"include"	"make"	"contain"	"make"	"have"	"include"	"contain"	"make"	"include"	"include"	"embody"	"include"	"include"	"include"	"contain"	"include"	"make up"	"have"	"includes"	"contain"	"contain"
"2Z2MN9U8P9Y3EGOG1TUS2YIM1SUVE0"	"2NU8N46UXFCDASPWI4ED0NTKIOIRT1"	"secures"	"binds"	"holds"	"fastens"	"attaches"	"attaches"	"locks down"	"holds"	"locks"	"holds"	"seize"	"protects"	"guards"	"binds"	"attaches"	"ties"	"attaches"	"holds"	"controls"	"keeps in place"	"helps"	"binds"	"holds"	"fastens"	"attaches"	"binds"	"locks"	"keeps"	"grasps"	"binds"	"attaches"	"holds"	"ties"	"attaches"	"holds"	"holds"	"binds"	"holds"	"guards"	"confines"	"attaches"	"holds"	"sticks"	"attaches"	"restrains"	"locks"	"fasten"	"holds"	"locks"	"binds"	"grasps"
"25KL92HECWA63QQ8GN60KP5KYYVJID"	"2NU8N46UXFCDASPWI4ED0NTKIOIRT1"	"career"	"job"	"job"	"job"	"job"	"job"	"job"	"job"	"job"	"job"	"job"	"job"	"profession"	"employment"	"job"	"work"	"job"	"job"	"job"	"job"	"profession"	"job"	"profession"	"profession"	"profession"	"job"	"job"	"job"	"jobs"	"job"	"work"	"work"	"work"	"job"	"job"	"work"	"job"	"job"	"job"	"job"	"job"	"job"	"job"	"job"	"work"	"lifework"	"profession"	"profession"	"job"	"job"	"job"
"25YQSCM6IAA2Y1AEY5R0WQKKBDKJJP"	"2NU8N46UXFCDASPWI4ED0NTKIOIRT1"	"refuses"	"say no"	"won't"	"doesn't want"	"declined"	"declines"	"denies"	"declines"	"declines"	"rejects"	"rejects"	"disagree"	"ceases"	"denies"	"forgoes"	"did not want"	"declines"	"spurns"	"decides not"	"declines"	"denies"	"declines"	"declines"	"hates"	"denies"	"avoid"	"declines"	"denies"	"declines"	"denies"	"declines"	"won't"	"refrains"	"declines"	"didn't want"	"denies"	"declines"	"stopped"	"declines"	"will not"	"forgo"	"declines"	"unwillingly"	"avoids"	"declines"	"eschews"	"declines"	"declines"	"rejects"	"turns down"	"declines"
"2K839Z0B6UTOCGWYZ3KVZKGPX1XNYQ"	"2NU8N46UXFCDASPWI4ED0NTKIOIRT1"	"casualties"	"injuries"	"friendly deaths"	"deaths"	"victims"	"deaths"	"victims"	"disaster"	"injuries"	"deaths"	"deaths"	"victims"	"deaths"	"injuries"	"deaths"	"deaths"	"deaths"	"wounded"	"deaths"	"accidents"	"deaths"	"deaths"	"injuries"	"injuries"	"injuries"	"harm"	"deaths"	"losses"	"deaths"	"deaths"	"deaths"	"deaths"	"deaths"	"injuries"	"injuries"	"victims"	"deaths"	"injuries"	"deaths"	"deathly accidents"	"deaths"	"deaths"	"injuries"	"accidents"	"victims"	"deaths"	"injured"	"deaths"	"deaths"	"injuries"	"dead"
"2P7JWKUDD8XMHQINDARBEUTO726BM0"	"2NU8N46UXFCDASPWI4ED0NTKIOIRT1"	"transmitting"	"sending"	"teleporting"	"sending"	"transferring"	"sending"	"giving"	"giving"	"transferring"	"sending"	"sending"	"giving"	"sending"	"sending"	"sending"	"spreading"	"sending"	"sending"	"giving"	"transferring"	"spreading"	"copying"	"giving"	"transferring"	"sending"	"giving"	"sending"	"exchanging"	"transferring"	"import"	"sending"	"give"	"sending"	"sending"	"transfer"	"sending"	"sending"	"sending"	"transferring"	"transferring"	"sending"	"transferring"	"giving"	"sending"	"sending"	"sending"	"sending"	"forwarding"	"transferring"	"mailing"	"transferring"
"2929RJ85OZIZK4EUE0DOWQ5EXYZ8WP"	"2NU8N46UXFCDASPWI4ED0NTKIOIRT1"	"released"	"given out"	"let go"	"opened"	"issued"	"distributed"	"issued"	"delivered"	"issued"	"made public"	"freed"	"let go"	"produced"	"distributed"	"sold"	"published"	"issued"	"issued"	"delivered"	"freed"	"opened"	"publicized"	"given"	"first sold"	"opened"	"sent"	"shared"	"sold"	"issued"	"launched"	"issued"	"distributed"	"published"	"issued"	"issued"	"distributed"	"issued"	"printed"	"freed"	"unlocked"	"available"	"published"	"issued"	"absolved"	"dispensed"	"sold"	"let go"	"let out"	"out"	"issued"	"out"
"26ZIT3HVWAVKOTU7N1T1F2Z9AZJMEB"	"2NU8N46UXFCDASPWI4ED0NTKIOIRT1"	"circumstances"	"situations"	"cases"	"happenings"	"cases"	"situations"	"events"	"situations"	"situations"	"situations"	"situations"	"settings"	"situations"	"cases"	"instances"	"times"	"situations"	"situations"	"situations"	"instances"	"places"	"situations"	"cases"	"situations"	"situations"	"instances"	"situations"	"situations"	"events"	"situations"	"events"	"situations"	"situations"	"situations"	"situations"	"cases"	"instances"	"situations"	"cases"	"cases"	"conditions"	"situations"	"instances"	"situations"	"cases"	"situations"	"situations"	"instances"	"incidents"	"occasions"	"situations"
"2OV1X3V0FK0CU7U3ICD7XKK9M0YMFT"	"2NU8N46UXFCDASPWI4ED0NTKIOIRT1"	"disbanded"	"broke up"	"separated"	"separated"	"broke up"	"destroyed"	"dissolved"	"separated"	"dispersed"	"dispensed"	"shut down"	"broke up"	"ended"	"ceased"	"separated"	"broke up"	"broke up"	"broken up"	"broke up"	"ended"	"ceased"	"scattered"	"separated"	"separated"	"broke up"	"broke up"	"ended"	"split up"	"dissolved"	"split"	"separated"	"broke"	"broke up"	"broke up"	"scattered"	"split"	"separated"	"broke up"	"dissipated"	"separated"	"split"	"disassembled"	"stopped"	"left"	"folded"	"dissolved"	"split"	"broke up"	"separated"	"separated"	"separated"
"29JCSTMOFXRDYRAW5PPDVXJFNA2QTR"	"2NU8N46UXFCDASPWI4ED0NTKIOIRT1"	"envisaged"	"saw"	"imagined"	"realized"	"imagined"	"saw"	"view"	"dreamed"	"imagined"	"pictured"	"saw"	"imagined"	"envisioned"	"saw"	"visualized"	"imagined"	"envisioned"	"imagined"	"imagined"	"saw"	"imagined"	"imagine"	"imagine"	"saw"	"imagined"	"view"	"imagined"	"imagined"	"imagined"	"saw"	"imagined"	"imagined"	"viewed"	"viewed"	"imagined"	"imagined"	"dreamed"	"imagined"	"imagined"	"pictured"	"saw"	"pictured"	"imagined"	"imagined"	"imagined"	"imagined"	"imagined"	"imagined"	"imagined"	"pictured"	"conceptualized"
"26L6XBAT2D5NWLFPJEH0RG5TZVP15H"	"2NU8N46UXFCDASPWI4ED0NTKIOIRT1"	"fuselage"	"plane"	"center"	"body"	"bulk"	"body"	"body"	"cabin"	"body"	"body"	"body"	"cockpit"	"main part"	"deck"	"body"	"core"	"body"	"body"	"body"	"cabin"	"body"	"cabin"	"body"	"trunk"	"body"	"body"	"center"	"body"	"body"	"body"	"body"	"body"	"body"	"body"	"body"	"body"	"center"	"body"	"body"	"body"	"body"	"body"	"body"	"body"	"body"	"cabin"	"bulk"	"body"	"core"	"bulk"	"body"
"2ZCB2YU98JHSZ83NPB6BR9IOCSGBN0"	"2NU8N46UXFCDASPWI4ED0NTKIOIRT1"	"acquisition"	"obtaining"	"getting"	"buying"	"gaining"	"gaining"	"receipt"	"buying"	"purchase"	"gaining"	"addition"	"purchase"	"taking"	"purchase"	"possession"	"gain"	"obtaining"	"take over"	"acquiring"	"getting"	"gain"	"acquirement"	"purchase"	"purchase"	"receiving"	"purchase"	"getting"	"taking"	"obtain"	"purchase"	"buying"	"takeover"	"purchase"	"purchase"	"possession"	"attainment"	"collection"	"purchase"	"gain"	"takeover"	"gain"	"obtaining"	"purchase"	"attainment"	"taking"	"gaining"	"purchase"	"acquiring"	"purchase"	"gaining"	"purchase"
"244HGYQ4J3NAHT3ZQQ6O6YIT22LBOF"	"2NU8N46UXFCDASPWI4ED0NTKIOIRT1"	"endorsed"	"backed up"	"defended"	"supported"	"okayed"	"supported"	"approved"	"allowed"	"supported"	"helped"	"backed"	"approved"	"praised"	"promoted"	"back"	"supported"	"supported"	"approved"	"approved"	"supported"	"approved"	"supported"	"supported"	"supported"	"supported"	"supported"	"approved"	"supported"	"supported"	"supported"	"supported"	"supported"	"approved"	"accept"	"supported"	"approved"	"backed"	"supported"	"supported"	"allowed"	"approved"	"approved"	"supported"	"supported"	"supported"	"support"	"approved"	"supported"	"okayed"	"approved"	"approved"
"297W1INMHGYQA6V7EMXBNMFFP706J6"	"2NU8N46UXFCDASPWI4ED0NTKIOIRT1"	"periphery"	"edge"	"shell"	"outside"	"edge"	"border"	"fringe"	"edge"	"edge"	"edge"	"outskirts"	"border"	"border"	"outskirts"	"edge"	"boundary"	"side"	"border"	"edge"	"border"	"edge"	"outside"	"boundary"	"border"	"boundary"	"edge"	"perimeter"	"side"	"edge"	"edge"	"edge"	"border"	"edge"	"edge"	"limits"	"border"	"edge"	"edge"	"outskirts"	"outside"	"outside"	"outside"	"boundary"	"boundary"	"edge"	"border"	"sides"	"border"	"border"	"edge"	"edge"
"2LISPW1INMHG4DW37Y1BEBFMGOQH4R"	"2NU8N46UXFCDASPWI4ED0NTKIOIRT1"	"tolerated"	"accepted"	"okay"	"allowed"	"accepted"	"accepted"	"accepted"	"allowed"	"allowed"	"allowed"	"accepted"	"accepted"	"allowed"	"allowed"	"accepted"	"allowed"	"allowed"	"allowed"	"allowed"	"permitted"	"allowed"	"allowed"	"allowed"	"allowed"	"accepted"	"put up with"	"accepted"	"allowed"	"accepted"	"allowed"	"allow"	"allowed"	"allowed"	"allow"	"allowed"	"accepted"	"accepted"	"allowed"	"allowed"	"allowed"	"allowed"	"allowed"	"allowed"	"allowed"	"accepted"	"allowed"	"allowed"	"accepted"	"allowed"	"allowed"	"allowed"
"2NCFBNFSVGULLQ1PW7XNO1FS4W06K5"	"2NU8N46UXFCDASPWI4ED0NTKIOIRT1"	"enraged"	"angry"	"angry"	"angry"	"angry"	"angry"	"mad"	"angry"	"angered"	"upset"	"angered"	"furious"	"angry"	"angered"	"irritated"	"mad"	"angry"	"mad"	"mad"	"angry"	"aggravated"	"infuriated"	"angry"	"angered"	"angry"	"angered"	"angry"	"angry"	"furious"	"mad"	"angry"	"angry"	"angry"	"angered"	"infuriated"	"mad"	"angered"	"angered"	"angry"	"angry"	"upset"	"mad"	"angry"	"angry"	"mad"	"angry"	"angry"	"angry"	"angry"	"angered"	"angry"
"2J392HECWA6X9LGWGQRCX5KXQ2KJKO"	"2NU8N46UXFCDASPWI4ED0NTKIOIRT1"	"expedition"	"journey"	"exploration"	"campaign"	"trip"	"exploration"	"journey"	"group"	"adventure"	"journey"	"journey"	"group"	"journey"	"journey"	"excursion"	"journey"	"mission"	"adventure"	"adventure"	"journey"	"outing"	"voyage"	"exploration"	"trip"	"journey"	"journey"	"adventure"	"journey"	"adventure"	"trip"	"trip"	"adventure"	"campaign"	"journey"	"journey"	"adventure"	"journey"	"party"	"journey"	"journey"	"trip"	"excursion"	"journey"	"team"	"trip"	"journey"	"adventure"	"fellowship"	"trip"	"undertaking"	"journey"
"2RCC26DG67D13QNKJVRCWK2JFAOE7S"	"2NU8N46UXFCDASPWI4ED0NTKIOIRT1"	"situated"	"located"	"placed"	"located"	"was"	"placed"	"set"	"set"	"located"	"placed"	"set"	"positioned"	"located"	"located"	"located"	"placed"	"located"	"situated"	"placed"	"located"	"positioned"	"place"	"positioned"	"located"	"exist"	"placed"	"sitting"	"placed"	"placed"	"placed"	"positioned"	"located"	"sat"	"located"	"placed"	"located"	"adjusted"	"located"	"put"	"located"	"located"	"placed"	"located"	"placed"	"located"	"positioned"	"located"	"located"	"located"	"fixed"	"settled"
"2Y48JIA0RYNJFPF3OXR5JMJTVQ016X"	"2NU8N46UXFCDASPWI4ED0NTKIOIRT1"	"obligations"	"necessity"	"commitments"	"responsibility"	"debts"	"tasks"	"debt"	"requirements"	"requirement"	"debts"	"duties"	"duty"	"requirements"	"debts"	"duties"	"promises"	"duties"	"requirements"	"debts"	"duties"	"responsibilities"	"promises"	"promises"	"duties"	"duties"	"responsibilities"	"promises"	"duties"	"promises"	"responsibilities"	"duty"	"responsibilities"	"jobs"	"responsibility"	"responsibilities"	"tasks"	"duties"	"promises"	"debt"	"requirements"	"requirements"	"duties"	"commitment"	"restrictions"	"duties"	"commitment"	"duties"	"promise"	"duties"	"duties"	"tasks"
"2KVHJHP4BDDKMRQSV3O953G36GXY5B"	"2NU8N46UXFCDASPWI4ED0NTKIOIRT1"	"ambiguous"	"uncertain"	"uncertain"	"unclear"	"unknown"	"confusing"	"confusing"	"hazy"	"unclear"	"uncertain"	"unclear"	"unclear"	"unsure"	"unclear"	"uncertain"	"confused"	"vague"	"vague"	"uncertain"	"unclear"	"unclear"	"broad"	"vague"	"unsure"	"unclear"	"arguable"	"uncertain"	"puzzling"	"doubtful"	"uncertain"	"unclear"	"vague"	"unclear"	"unclear"	"uncertain"	"undecided"	"uncertain"	"vague"	"uncertain"	"unclear"	"vague"	"uncertain"	"evasive"	"unclear"	"unclear"	"vague"	"uncertain"	"unclear"	"uncertain"	"uncertain"	"puzzling"
"2TYJ2D21O3W534S3T0JIAKYEQUUE8F"	"2NU8N46UXFCDASPWI4ED0NTKIOIRT1"	"ceded"	"allowed"	"abandon"	"left"	"gave"	"surrendered"	"gave up"	"gave over"	"abandoned"	"accepted"	"abdicated"	"gave up"	"gave up"	"gave up"	"gave"	"gave over"	"surrendered"	"surrendered"	"gave up"	"surrendered"	"surrendered"	"surrendered"	"surrender"	"surrendered"	"surrendered"	"surrendered"	"surrendered"	"gave"	"gave"	"gave"	"departed"	"gave up"	"surrendered"	"surrendered"	"abandoned"	"surrendered"	"gave"	"gave"	"quit"	"gave"	"gave up"	"surrendered"	"submitted"	"surrendered"	"surrendered"	"gave"	"surrendered"	"yielded"	"surrendered"	"present"	"gave up"
"2FJTHV8ER9Y8ZAC2QAJMDKFHTBQ3QO"	"2NU8N46UXFCDASPWI4ED0NTKIOIRT1"	"siege"	"dominate"	"attack"	"hostility"	"attack"	"holding"	"conquer"	"fight"	"blockade"	"attack"	"blockade"	"attack"	"attack"	"attack"	"attack"	"blockade"	"fight"	"attack"	"invasion"	"battle"	"attack"	"prominence"	"attack"	"attack"	"attack"	"attack"	"confinement"	"capture"	"seize"	"surrounding"	"fight"	"attack"	"attack"	"attack"	"attack"	"capture"	"conquer"	"attack"	"attack"	"attack"	"enclose"	"isolation"	"bombardment"	"attack"	"assault"	"attack"	"blockage"	"attack"	"raid"	"holding"	"capture"
"2WAVGULF395S2TF05QJ3VYNJC7HBPW"	"2NU8N46UXFCDASPWI4ED0NTKIOIRT1"	"leased"	"rented"	"loaned"	"rented"	"rented, borrowed"	"rented"	"rented"	"loaned"	"rented"	"rented"	"rented"	"sold"	"rented"	"rented"	"loaned"	"rented"	"rented"	"rented"	"loaned"	"rented"	"rented"	"rented"	"rented"	"rented"	"rented"	"rented"	"rented"	"rental agreement"	"rented"	"sold"	"rented"	"sold"	"rented"	"rented"	"rented"	"rented"	"lent"	"lent"	"occupied"	"rented"	"rented"	"rented"	"rented"	"lent"	"rented"	"loaned"	"rented"	"chartered"	"rented"	"rented"	"rented"
"2YXL42J1LY58HUURQB9GNKHD2F0P44"	"2NU8N46UXFCDASPWI4ED0NTKIOIRT1"	"sparse"	"loose"	"scatter"	"thin"	"thin"	"thin"	"empty"	"thin"	"thin"	"thin"	"skimpy"	"little"	"thin"	"bare"	"scattered"	"thin"	"limited"	"thin"	"thin"	"meager"	"thin"	"meager"	"light"	"thin"	"bare"	"infrequent"	"thin"	"limited"	"thin"	"little"	"thin"	"skimpy"	"skimpy"	"thin"	"thin"	"little"	"simple"	"small"	"poor"	"thin"	"small"	"skimpy"	"light"	"small"	"thin"	"thin"	"slight"	"small"	"small"	"limited"	"thin"
"22OVCPWZ9RND25GF53YSV3DTH33BQN"	"2NU8N46UXFCDASPWI4ED0NTKIOIRT1"	"incentives"	"encouragements"	"reasons"	"rewards"	"gifts"	"prizes"	"gifts"	"rewards"	"rewards"	"happy"	"prize"	"rewards"	"rewards"	"awards"	"rewards"	"motivates"	"motives"	"rewards"	"rewards"	"bonuses"	"motivations"	"motivations"	"awards"	"promises"	"motivations"	"bonuses"	"rewards"	"bonuses"	"bribes"	"rewards"	"bonuses"	"bonuses"	"rewards"	"rewards"	"prizes"	"prizes"	"lure"	"allures"	"considerations"	"inducements"	"awards"	"rewards"	"rewards"	"rewards"	"motives"	"motives"	"rewards"	"objectives"	"drives"	"rewards"	"bonuses"
"2DABRI8IUB2Y0W03L3KLJ3L0GKLH5W"	"2NU8N46UXFCDASPWI4ED0NTKIOIRT1"	"implement"	"item"	"effect"	"device"	"tool"	"tool"	"tool"	"supply"	"instrument"	"tool"	"addition"	"tool"	"tool"	"device"	"tool"	"tool"	"device"	"tool"	"tool"	"instrument"	"instrument"	"tool"	"instrument"	"tool"	"attachment"	"function"	"tool"	"tool"	"tool"	"tool"	"tool"	"instrument"	"tool"	"tool"	"tool"	"instrument"	"equipment"	"tool"	"use"	"tool"	"tool"	"instrument"	"tool"	"tool"	"instrument"	"tool"	"tool"	"use"	"tool"	"tool"	"tool"
"2KE5XH0JPPSI87QYTWJPF5KLNFYMGS"	"2NU8N46UXFCDASPWI4ED0NTKIOIRT1"	"advocate"	"suggest"	"debate for"	"agree with"	"support"	"indorse"	"support"	"favor"	"plead"	"inform"	"defend"	"plead"	"approve"	"support"	"support"	"speak for"	"support"	"plead"	"encourage"	"support"	"encourage"	"suggest"	"back"	"endorse"	"defend"	"fight for"	"defend"	"believe in"	"argue"	"defend"	"approve"	"endorse"	"support"	"support"	"promote"	"back"	"support"	"encourage"	"support"	"support"	"support"	"chase"	"encourage"	"promote"	"suggest"	"support"	"allow"	"favor"	"promote"	"accept"	"favor"
"25TDDP8PJWKUJ00HQMUQB9Z0CFWH6C"	"2NU8N46UXFCDASPWI4ED0NTKIOIRT1"	"merged"	"joined"	"combined"	"joined"	"mixed"	"moved"	"joined"	"combined"	"combined"	"combined"	"combined"	"joined"	"joined"	"combined"	"combined"	"blended"	"combined"	"joined"	"combined"	"combined"	"combined"	"combined"	"joined"	"joined"	"joined"	"combined"	"combined"	"compound"	"joined"	"conjoined"	"joined"	"combined"	"join"	"joined"	"joined"	"combined"	"combined"	"combined"	"combined"	"combined"	"joined"	"evolved"	"joined"	"joined"	"united"	"combined"	"joined"	"joined"	"joined"	"joined"	"blended"
"2KFUYT3DHJHPAY5XORVYGRSXA64T0W"	"2NU8N46UXFCDASPWI4ED0NTKIOIRT1"	"grossing"	"net"	"earning"	"earning"	"making"	"salary"	"making"	"earning"	"making"	"earning, gaining"	"acquiring"	"earned"	"earning"	"making"	"earning"	"earning"	"made"	"earning"	"earning"	"making"	"earning"	"earning"	"made"	"earning"	"producing"	"earned"	"earning"	"making"	"making"	"earning"	"entire"	"earning"	"earning"	"making"	"earning"	"making"	"earning"	"earning"	"earning"	"earning"	"making"	"making"	"making"	"earning"	"making"	"earning"	"making"	"making"	"earning"	"earning"	"totaling"
"2H6UQIHPCGJ2JPT877WXP0JPQ1K17W"	"2NU8N46UXFCDASPWI4ED0NTKIOIRT1"	"classified"	"sorted"	"listed"	"organized"	"sorted"	"sorted"	"grouped"	"organized"	"ordered"	"arranged"	"arranged"	"arranged"	"arranged"	"arranged"	"organized"	"sorted"	"categorized"	"organized"	"sorted"	"grouped"	"arranged"	"grouped"	"sorted"	"arranged"	"labeled"	"formed"	"sorted"	"organized"	"noted"	"arranged"	"arrange"	"categorized"	"arranged"	"organized"	"arranged"	"arranged"	"organize"	"arranged"	"categorized"	"grouped"	"ordered"	"ordered"	"grouped"	"arranged"	"categorized"	"sorted"	"sorted"	"secret"	"arranged"	"assembled"	"sorted"
"2TJPC6SK9RJ8BBR23P8MIAPMPXS3RP"	"2NU8N46UXFCDASPWI4ED0NTKIOIRT1"	"facilitate"	"assist"	"simplify"	"assist"	"ease"	"help"	"help"	"aid"	"aid"	"help"	"help"	"aid"	"help"	"ease"	"aid"	"help"	"ease"	"help"	"ease"	"initiate"	"set up"	"help"	"ease"	"help"	"ease"	"help"	"allow"	"enable"	"ease"	"make easy"	"ease"	"make easy"	"ease"	"assist"	"ease"	"ease"	"help"	"help"	"help"	"allow"	"promote"	"ease"	"ease"	"help"	"ease"	"ease"	"ease"	"accommodate"	"ease"	"ease"	"allow"
"2QP46OQ1SNQQDDYR4GSQSCNR2BVP59"	"2NU8N46UXFCDASPWI4ED0NTKIOIRT1"	"constitute"	"make"	"make up"	"make up"	"wrote"	"make"	"represent"	"make up"	"fill"	"represent"	"form"	"are"	"form"	"make up"	"are"	"comprise"	"make up"	"represent"	"comprise"	"compose"	"comprise"	"are"	"compose"	"make up"	"compose"	"represent"	"compose"	"make up"	"make up"	"made"	"are"	"form"	"are"	"make"	"are"	"form"	"compose"	"makes"	"make"	"represent"	"define"	"makes"	"make up"	"form"	"involve"	"compose"	"comprise"	"are"	"form"	"represent"	"form"
"24UWYB49F9SSY4PL5UFN0T5H6O9QUI"	"2NU8N46UXFCDASPWI4ED0NTKIOIRT1"	"snout"	"nose"	"trunk"	"nose"	"nose"	"nose"	"nose"	"nose"	"nose"	"nose"	"nose"	"nose"	"nose"	"nose"	"nose"	"nose"	"nose"	"trunk"	"nose"	"nose"	"nose"	"nose"	"nose"	"muzzle"	"nose"	"nose"	"nose"	"nose"	"nose"	"mean"	"nostril"	"nose"	"nose"	"nose"	"nose"	"nose"	"nose"	"nose"	"nose"	"nose"	"muzzle"	"nose"	"nose"	"nose"	"nose"	"muzzle"	"nose"	"nose"	"nozzle"	"nose"	"nose"
"2FE2GTP9RA7SBJELAKPSWF70KVIQV7"	"2NU8N46UXFCDASPWI4ED0NTKIOIRT1"	"extremity"	"tip"	"end"	"edge"	"edge"	"border"	"edge"	"edge"	"point"	"limit"	"end"	"border"	"edge"	"tip"	"point"	"edge"	"edge"	"part"	"tip"	"limit"	"tip"	"appendage"	"part"	"point"	"limb"	"part"	"outline"	"edge"	"end"	"limit"	"point"	"edge"	"hinge"	"tip"	"point"	"outside"	"end"	"edge"	"edge"	"tip"	"part"	"end"	"end"	"tip"	"tip"	"sides"	"point"	"limit"	"border"	"edge"	"outermost"
"2OMJ79KQW618TRYE1Q3DC5XCF2PJLR"	"2NU8N46UXFCDASPWI4ED0NTKIOIRT1"	"aspire"	"yearn"	"hope"	"plan"	"hope"	"want"	"wanted"	"want"	"aim"	"hope"	"seek"	"want"	"rise"	"want"	"aim"	"hope"	"dream"	"achieve"	"hope"	"hope"	"dream"	"determine"	"desire"	"hope"	"want"	"desire"	"aim"	"wish"	"hope"	"dream"	"try"	"plan"	"plan"	"plan"	"want"	"want"	"hope"	"wish"	"dream"	"hope"	"try"	"dream"	"hope"	"hope"	"want"	"dream"	"hope"	"intend"	"hope"	"desire"	"hope"
"2GOR70G5R98DE6VFIINS0TNYDP5BRO"	"2NU8N46UXFCDASPWI4ED0NTKIOIRT1"	"sophisticated"	"fancy"	"intelligent"	"fancy"	"fancy"	"advanced"	"precocious"	"intelligent"	"elaborate"	"mature"	"smart"	"complex"	"complicated"	"educated"	"elaborate"	"elegant"	"complicated"	"nice"	"high-level"	"intelligent"	"complex"	"complex"	"intelligent"	"developed"	"complicated"	"advanced"	"complex"	"advanced"	"complex"	"complex"	"complex"	"high end"	"advanced"	"complex"	"complex"	"fancy"	"complicated"	"complex"	"advanced"	"smart"	"cosmopolitan"	"intricate"	"involved"	"advanced"	"better"	"complex"	"advanced"	"complex"	"advanced"	"advanced"	"mature"
"2OVZKPFE4EGDN0EM9WZIHNZW7QGH7B"	"2NU8N46UXFCDASPWI4ED0NTKIOIRT1"	"spanned"	"linked"	"went across"	"covered"	"covered"	"lasted"	"covered"	"reached"	"covered"	"stretched"	"ranged"	"expands"	"crossed"	"covered"	"covering"	"stretched"	"lasted"	"covered"	"covered"	"spread"	"covered"	"covered"	"covered"	"extended"	"crossed"	"traversed"	"sweep"	"covered"	"incorporated"	"continued"	"covered"	"extend"	"ranged"	"covered"	"covered"	"covered"	"stretched"	"lasted"	"covered"	"lasted"	"covered"	"lasted"	"covered"	"extended"	"covered"	"covered"	"covered"	"encompassed"	"covered"	"extended"	"covered"
"2GKMIKMN9U8PFLVSX7NXQ3SUZROBSC"	"2NU8N46UXFCDASPWI4ED0NTKIOIRT1"	"elude"	"outrun"	"escape"	"avoid"	"escape"	"fool"	"avoid"	"evade"	"dodge"	"escape"	"avoid"	"thwart"	"escape"	"dodge"	"avoid"	"escape"	"escape"	"get away from"	"escape"	"escape"	"evade"	"escape"	"escape"	"escape"	"evade"	"escape"	"avoid"	"escape"	"escape"	"evade"	"escape"	"escape"	"avoid"	"avoid"	"escape"	"escape"	"avoid"	"escape"	"escape"	"avoid"	"escape"	"escape"	"escape"	"evade"	"escape"	"avoid"	"escape"	"evade"	"avoid"	"avoid"	"escape"
"27WOZFYQS1CSZ9GZ124SCIC1F7FJMT"	"2NU8N46UXFCDASPWI4ED0NTKIOIRT1"	"encompasses"	"covers"	"circles"	"surrounds"	"covers"	"contains"	"includes"	"includes"	"surrounds"	"encloses"	"includes"	"contains"	"includes"	"makes up"	"surrounds"	"encircles"	"includes"	"includes"	"contains"	"surrounds"	"surrounds"	"includes"	"includes"	"includes"	"includes"	"includes"	"surrounds"	"includes"	"covers"	"surrounds"	"surrounds"	"circles"	"covers"	"includes"	"makes up"	"includes"	"covers"	"surrounds"	"circles"	"includes"	"includes"	"includes"	"surrounds"	"comprises"	"surrounds"	"contains"	"includes"	"envelopes"	"contains"	"contains"	"covers"
"2I86SVQ8H88MWHY59Z2VKI1RY66P6P"	"2NU8N46UXFCDASPWI4ED0NTKIOIRT1"	"comprises"	"contains"	"include"	"includes"	"includes"	"makes"	"joins"	"includes"	"consists"	"includes"	"includes"	"holds"	"involves"	"includes"	"includes"	"makes up"	"contains"	"includes"	"consists of"	"involves"	"includes"	"contains"	"includes"	"creates"	"includes"	"makes up"	"includes"	"contains"	"has"	"consists"	"includes"	"consists of"	"contains"	"includes"	"includes"	"include"	"includes"	"includes"	"includes"	"contains"	"makes"	"contains"	"contains"	"involves"	"contains"	"has"	"composes"	"includes"	"contains"	"has"	"includes"
"2FKRCJK63ZVE94JKO59AY9JL6058XI"	"2NU8N46UXFCDASPWI4ED0NTKIOIRT1"	"binds"	"joins"	"combine"	"sticks"	"sticks"	"hooks"	"attaches"	"joins"	"connects"	"combines"	"connects"	"sticks"	"attaches"	"bonds"	"fastens"	"connects"	"connects"	"combines"	"attaches"	"bonds"	"joins"	"combines"	"locks"	"fastens"	"bonds"	"bonds"	"joins"	"ties"	"fastens"	"joins"	"attaches"	"attaches"	"connects"	"joins"	"sticks"	"sticks"	"combines"	"attaches"	"attaches"	"sticks"	"attaches"	"bonds"	"attaches"	"ties"	"restricts"	"adds"	"joins"	"sticks"	"sticks"	"fastens"	"joins"
"2CFX2Q45UUKQUL87M7SN08OG1A2BT1"	"2NU8N46UXFCDASPWI4ED0NTKIOIRT1"	"inscribed"	"engraved"	"wrote"	"chose"	"wrote"	"registered"	"recorded"	"designated"	"recorded"	"dedicated"	"registered"	"wrote"	"wrote"	"marked"	"engraved"	"registered"	"endorsed"	"wrote"	"registered"	"carved"	"wrote"	"carve"	"registered"	"registered"	"written"	"registered"	"registered"	"registered"	"registered"	"register"	"wrote"	"wrote"	"carved"	"added"	"registered"	"recorded"	"registered"	"registered"	"registered"	"wrote"	"registered"	"instated"	"wrote"	"allowed"	"recognized"	"registered"	"registered"	"wrote"	"registered"	"enrolled"	"inducted"
"2ZKKYEPLSP75Q8EQ0UUOIHQER4KQWH"	"2NU8N46UXFCDASPWI4ED0NTKIOIRT1"	"affirms"	"agrees"	"agrees"	"agrees"	"swears"	"verifies"	"confirms"	"agrees"	"confirms"	"states"	"says yes"	"agrees"	"agrees"	"okays"	"states"	"confirms"	"confirms"	"agrees"	"confirm"	"acknowledges"	"agrees"	"asserts"	"agrees"	"confirms"	"agrees"	"confirms"	"proclaims"	"confirms"	"agrees"	"says"	"agrees"	"declares"	"confirms"	"confirms"	"confirms"	"confirms"	"agrees"	"assures"	"confirms"	"confirms"	"agrees"	"agrees"	"okays"	"confirms"	"agrees"	"agrees"	"agrees"	"confirms"	"agrees"	"confirms"	"confirms"
"23I5BMJTUHYW83L9D21705WM2FBMHR"	"2NU8N46UXFCDASPWI4ED0NTKIOIRT1"	"envisioned"	"imagined"	"saw"	"imagined"	"dreamed"	"saw"	"pictured"	"predicted"	"created"	"imagined"	"dreamed"	"imagined"	"conceived"	"imagined"	"saw"	"imagined"	"imagined"	"imagined"	"saw"	"imagined"	"imagined"	"imagined"	"dreamed"	"saw"	"imagined"	"imagined"	"created"	"imagined"	"pictured"	"imagined"	"imagined"	"saw"	"imagined"	"imagined"	"imagined"	"saw"	"dreamed"	"imagined"	"imagined"	"imagined"	"wanted"	"imagined"	"imagined"	"imagined"	"imagined"	"imagined"	"imagined"	"imagined"	"imagined"	"imagined"	"imagined"
"27IJG5TYMNCW4YWTJKJS0HX12SQMIK"	"2NU8N46UXFCDASPWI4ED0NTKIOIRT1"	"erratic"	"spontaneous"	"unstable"	"crazy"	"irregular"	"unpredictable"	"uneven"	"rambling"	"strange"	"varied"	"spastic"	"crazy"	"unusual"	"abnormal"	"aberrant"	"unorganized"	"unpredictable"	"unpredictable"	"varied"	"random"	"random"	"odd"	"unusual"	"inconsistent"	"random"	"wild"	"varying"	"chaotic"	"chaotic"	"hectic"	"random"	"crazy"	"unpredictable"	"odd"	"unpredictable"	"inconsistent"	"unpredictable"	"crazy"	"insane"	"abnormal"	"irregular"	"unstable"	"unpredictable"	"unusual"	"uneven"	"unreliable"	"crazy"	"bizarre"	"wild"	"inconsistent"	"unpredictable"
"2H1G5TYMNCWYHR1ZD3JSPX11KXPJNT"	"2NU8N46UXFCDASPWI4ED0NTKIOIRT1"	"altering"	"reforming"	"changing"	"changing"	"changing"	"changing"	"changing"	"changing"	"changing"	"changing"	"changing"	"changing"	"changing"	"swapping"	"changing"	"changing"	"changing"	"changed"	"changing"	"changing"	"changing"	"changing"	"changing"	"changing"	"changing"	"changing"	"changing"	"changing"	"changing"	"changing"	"changing"	"contorting"	"changing"	"changing"	"change"	"changing"	"changing"	"changing"	"changing"	"changing"	"changing"	"changing"	"changing"	"changing"	"changing"	"changing"	"changing"	"changing"	"changing"	"changing"	"modifying"
"2J1ENLVWJ5OPHNQFKAZYUWB7FYAT1Z"	"2NU8N46UXFCDASPWI4ED0NTKIOIRT1"	"adopted"	"adapted"	"set"	"chosen"	"chosen"	"chosen"	"watched"	"chose"	"chosen"	"implemented"	"used"	"accepted"	"chosen"	"followed"	"chosen"	"followed"	"chosen"	"selected"	"chosen"	"accepted"	"pick"	"chosen"	"accepted"	"followed"	"used"	"chosen"	"accepted"	"chosen"	"accepted"	"followed"	"followed"	"modified"	"used"	"accepted"	"took"	"chosen"	"supported"	"chosen"	"implemented"	"applied"	"chosen"	"chosen"	"implemented"	"chosen"	"chosen"	"accepted"	"chosen"	"chosen"	"agreed to"	"accepted"	"accepted"
"2F5J92NJKM05H9BDYSPWAGTPA0CE94"	"2NU8N46UXFCDASPWI4ED0NTKIOIRT1"	"replenish"	"fill"	"refill"	"refill"	"fill"	"refill"	"refill"	"refill"	"add"	"refill"	"fill"	"release"	"refill"	"refill"	"refill"	"fill"	"refill"	"refill"	"refill"	"fill"	"refill"	"refill"	"refill"	"restore"	"refill"	"refill"	"refill"	"refill"	"fill"	"fill"	"refill"	"refill"	"restock"	"refill"	"refill"	"refill"	"refill"	"resupply"	"fill"	"refill"	"refill"	"fill"	"refill"	"fill"	"refill"	"refill"	"fill"	"refill"	"refill"	"refill"	"refill"
"2X2CCVLL3CA3999UT1VCHNQU86Z8YO"	"2NU8N46UXFCDASPWI4ED0NTKIOIRT1"	"prone"	"incline"	"liable"	"likely"	"likely"	"likely"	"likely"	"likely"	"likely"	"vulnerable"	"likely"	"disposed"	"inclined"	"apt"	"likely"	"apt"	"tending"	"likely"	"inclined"	"susceptible"	"tendency"	"likely"	"inclined"	"liable"	"likely"	"likely"	"open"	"likely"	"likely"	"apt"	"likely"	"likely"	"open"	"inclined"	"prone"	"inclined"	"likely"	"likely"	"easily"	"likely"	"likely"	"subject"	"apt"	"apt"	"likely"	"inclined"	"likely"	"likely"	"likely"	"inclined"	"inclined"
"2522JE1M7PKKF8JGAZQAK04L06QQXA"	"2NU8N46UXFCDASPWI4ED0NTKIOIRT1"	"eccentric"	"abnormal"	"unusual"	"wacky"	"weird"	"odd"	"unique"	"oddball"	"crazy"	"odd"	"bizarre"	"bizarre"	"odd"	"bizarre"	"odd"	"strange"	"wild"	"strange"	"odd"	"strange"	"strange"	"flamboyant"	"strange"	"uncommon"	"unusual"	"bizarre"	"odd"	"odd"	"strange"	"odd"	"unusual"	"lively"	"weird"	"unusual"	"unique"	"unusual"	"weird"	"weird"	"unusual"	"weird"	"odd"	"outlandish"	"odd"	"lavish"	"odd"	"strange"	"unusual"	"crazy"	"weird"	"unusual"	"strange"
"22T3L0FBJ9IOH663VPMEDRPR3V1NZH"	"2NU8N46UXFCDASPWI4ED0NTKIOIRT1"	"accomplish"	"complete"	"finish"	"finish"	"perform"	"perform"	"finish"	"create"	"achieve"	"achieve"	"achieve"	"achieve"	"achieve"	"finish"	"complete"	"achieve"	"achieve"	"complete"	"complete"	"achieve"	"finish"	"achieve"	"achieve"	"fulfill"	"finish"	"have"	"made"	"complete"	"reach"	"fulfill"	"complete"	"effect"	"do"	"do"	"make"	"serve"	"perform"	"achieve"	"achieve"	"fulfill"	"complete"	"achieve"	"affect"	"succeed"	"obtain"	"achieve"	"complete"	"complete"	"complete"	"complete"	"achieve"
"2SVPGFL6VCPW5WJ7H79O31S7TW56L8"	"2NU8N46UXFCDASPWI4ED0NTKIOIRT1"	"efficacious"	"useful"	"efficient"	"successful"	"effective"	"showing"	"effective"	"effectiveness"	"effective"	"efficient"	"reliable"	"efficient"	"productive"	"efficient"	"efficient"	"effectual"	"effective"	"intended"	"effective"	"effective"	"efficient"	"excellent"	"working"	"effective"	"good"	"strong"	"effective"	"effective"	"powerful"	"effective"	"efficient"	"effective"	"effective"	"powerful"	"efficient"	"remarkable"	"successful"	"effective"	"misled"	"effective"	"powerful"	"effective"	"influential"	"effects"	"effective"	"capable"	"effective"	"energetic"	"productive"	"effective"	"competent"
"2JS1QP6AUC26J3YRHCO330FK1LQ18J"	"2NU8N46UXFCDASPWI4ED0NTKIOIRT1"	"notorious"	"well known"	"bad"	"widely-known"	"bad"	"infamous"	"infamous"	"infamous"	"famous"	"dishonorable"	"famous"	"famous"	"infamous"	"infamous"	"infamous"	"famous"	"infamous"	"infamous"	"infamous"	"famous"	"ill-known"	"famous"	"evil"	"famous"	"infamous"	"famous"	"well-known"	"infamous"	"infamous"	"unfavorable"	"infamous"	"infamous"	"famous"	"famous"	"well-known"	"famous"	"infamous"	"well known"	"infamous"	"famous"	"infamous"	"infamous"	"infamous"	"infamous"	"infamous"	"infamous"	"bad"	"infamous"	"well-known"	"infamous"	"famous"
"2MTMJTUHYW2GZC1BEIJ54M16A7UJO8"	"2NU8N46UXFCDASPWI4ED0NTKIOIRT1"	"dispute"	"argument"	"debate"	"argument"	"fight"	"fight"	"fight"	"argument"	"debate"	"fight"	"argument"	"fight"	"argument"	"disagreement"	"quarrel"	"conflict"	"disagreement"	"argument"	"argument"	"fight"	"battle"	"problem"	"disagree"	"debate"	"disagreement"	"argue"	"argument"	"fight"	"argument"	"disagreement"	"argument"	"disagreement"	"argument"	"fight"	"conflict"	"feud"	"fight"	"argument"	"argument"	"argument"	"argument"	"argument"	"problem"	"argument"	"disagreement"	"argument"	"argument"	"fight"	"argument"	"fight"	"battle"
"2B5U8LZ6R70GBE1SHJA33E7WT1V6MA"	"2NU8N46UXFCDASPWI4ED0NTKIOIRT1"	"evade"	"avoid"	"escape"	"avoid"	"escape"	"elude"	"avoid"	"avoid"	"avoid"	"escape"	"escape"	"avoid"	"avoid"	"avoid"	"avoid"	"avoid"	"avoid"	"avoid"	"escape"	"escape"	"avoid"	"avoid"	"avoid"	"avoid"	"avoid"	"avoid"	"escape"	"escape"	"escape"	"flee"	"avoid"	"escape"	"avoid"	"avoid"	"elude"	"escape"	"escape"	"escape"	"escape"	"avoid"	"escape"	"avoid"	"escape"	"dodge"	"avoid"	"avoid"	"escape"	"escape"	"avoid"	"avoid"	"escape"
"25L3FDEY5COW688B3EZCZFLC74OT2G"	"2NU8N46UXFCDASPWI4ED0NTKIOIRT1"	"hamlet"	"small town"	"tribe"	"town"	"town"	"community"	"settlement"	"town"	"village"	"town"	"village"	"village"	"group"	"community"	"town"	"village"	"town"	"suburb"	"community"	"town"	"group"	"village"	"village"	"community"	"ethnicity"	"community"	"small village"	"village"	"community"	"village"	"tribe"	"neighborhood"	"village"	"district"	"village"	"village"	"village"	"village"	"slum"	"village"	"town"	"community"	"village"	"group"	"town"	"community"	"town"	"shire"	"settlement"	"community"	"village"
"2TFKNQY2RCJKCQRFIE8R8KUIBZB3SD"	"2NU8N46UXFCDASPWI4ED0NTKIOIRT1"	"alternate"	"other"	"substitute"	"different"	"different"	"different"	"different"	"different"	"another"	"other"	"substitute"	"different"	"other"	"parallel"	"other"	"substitute"	"other"	"different"	"different"	"parallel"	"different"	"double"	"different"	"other"	"another"	"different"	"different"	"switch"	"other"	"different"	"another"	"opposite"	"other"	"another"	"different"	"separate"	"different"	"substitute"	"different"	"mirror"	"different"	"different"	"other"	"other"	"different"	"another"	"substitute"	"parallel"	"different"	"different"	"other"
"27WOZFYQS1CSZ9GZ124SCIC1F7FMJW"	"2NU8N46UXFCDASPWI4ED0NTKIOIRT1"	"suitable"	"good"	"substantial"	"okay"	"a good fit"	"right'"	"usable"	"appropriate"	"perfect"	"allowable"	"meant"	"fitting"	"meant"	"usable"	"appropriate"	"adapted"	"okay"	"fitting"	"okay"	"appropriate"	"adequate"	"good"	"appropriate"	"right"	"appropriate"	"meant"	"good"	"fit"	"useful"	"meant"	"acceptable"	"okay"	"acceptable"	"helpful"	"appropriate"	"good"	"acceptable"	"applicable"	"acceptable"	"appropriate"	"acceptable"	"usable"	"meant"	"appropriate"	"ready"	"good"	"fit"	"usable"	"fit"	"acceptable"	"acceptable"
"2NKNJQ2172Z9FD9QFVCC3EBU2CKQYG"	"2NU8N46UXFCDASPWI4ED0NTKIOIRT1"	"ailing"	"sick"	"sickly, unwell"	"sickened"	"sick"	"sickly"	"sick"	"sick"	"ill"	"sick"	"ill"	"sickly"	"sick"	"sick"	"sick"	"dying"	"sick"	"sick"	"sick"	"sick"	"suffering"	"sick"	"ill"	"sick"	"sick"	"unhealthy"	"sick"	"sickly"	"sickly"	"hurting"	"ill"	"sick"	"sickly"	"sick"	"sick"	"sick"	"sick"	"sick"	"sick"	"ill"	"dying"	"sick"	"sick"	"sickly"	"sick"	"sick"	"sickly"	"sick"	"sick"	"sickly"	"sick"
"27QH88MQU6L5UYNWMCIX54AIKO9BUS"	"2NU8N46UXFCDASPWI4ED0NTKIOIRT1"	"obstacles"	"challenges"	"troubles"	"difficulties"	"problems"	"blocks"	"challenges"	"problems"	"barriers"	"barriers"	"blocks"	"barriers"	"blocks"	"blocks"	"blockages"	"hurdles"	"hardships"	"problems"	"blocks"	"barriers"	"barriers"	"hurdles"	"blocks"	"problems"	"blocks"	"blocks"	"barriers"	"challenges"	"barrier"	"problems"	"difficulties"	"hurdles"	"hurdles"	"problems"	"difficulties"	"challenges"	"barriers"	"challenges"	"difficulties"	"problems"	"blocks"	"hurdles"	"hurdles"	"hurdles"	"troubles"	"difficulties"	"hindrances"	"barriers"	"barrier"	"barriers"	"barrier"
"2CEJ5OPB0YVG5VQ60MYEX9U32B8Y6R"	"2NU8N46UXFCDASPWI4ED0NTKIOIRT1"	"emigrated"	"moved"	"departed"	"moved away"	"moved"	"moved"	"moved"	"moved"	"left"	"evaded"	"left their country"	"moved"	"moved"	"moved"	"moved"	"moved"	"immigrated"	"moved"	"moved"	"traveled"	"left"	"left"	"moved"	"relocate"	"moved"	"moved"	"relocated"	"relocate"	"moved"	"changed"	"departed"	"moved"	"moved"	"moved"	"moved"	"left"	"moved"	"moved"	"left"	"traveled"	"left"	"moved"	"moved"	"moved"	"moved"	"moved"	"moved"	"move"	"left"	"moved"	"moved"
"2QH6KW4ZMAZHNEJ5J1ROVNVRIAMH8Y"	"2NU8N46UXFCDASPWI4ED0NTKIOIRT1"	"fundamental"	"essential"	"basic"	"important"	"basic"	"basic"	"important"	"main"	"mandatory"	"basic"	"core"	"primary"	"important"	"basic"	"essential"	"important"	"necessary"	"essential"	"important"	"necessary"	"essential"	"basic"	"basic"	"essential"	"main"	"main"	"central"	"basic"	"major"	"basic"	"basic"	"basic"	"important"	"basic"	"basic"	"basic"	"primary"	"important"	"basic"	"important"	"basic"	"basic"	"important"	"basic"	"basic"	"essential"	"important"	"important"	"required"	"basic"	"important"
"2L179KQW618NATMHJN44DXCEUWFMKV"	"2NU8N46UXFCDASPWI4ED0NTKIOIRT1"	"restore"	"renew"	"renew"	"fix"	"fix"	"fix"	"fix"	"fix"	"fix"	"rebuild"	"improve"	"bring back"	"fix"	"repair"	"clean"	"rebuild"	"return"	"revive"	"fix"	"fix"	"renovate"	"heal"	"repair"	"repair"	"rebuild"	"return"	"remodel"	"reconstruct"	"restart"	"return"	"renewed"	"fix"	"rebuild"	"redo"	"rebuild"	"refurbish"	"return"	"return"	"rebuild"	"fix"	"rebuild"	"fix"	"refurbish"	"repair"	"mend"	"repair"	"fix"	"recover"	"repair"	"fix"	"revert"
"25Z1XERSQV66X8H1M4UH3WAVLR8198"	"2NU8N46UXFCDASPWI4ED0NTKIOIRT1"	"juvenile"	"youth"	"delinquent"	"young"	"young"	"young"	"young"	"young"	"young"	"bad"	"young"	"young"	"young"	"childish"	"young"	"child"	"young"	"young"	"children"	"youth"	"young"	"young"	"child like"	"young"	"youthful"	"young"	"simple"	"young"	"young"	"underage"	"youth"	"young"	"young"	"children"	"child"	"youthful"	"young"	"young"	"young"	"adolescent"	"young"	"young"	"youth"	"young"	"young"	"young"	"young"	"childish"	"young"	"childish"	"young"
"2LAMEZZ2MIKMTWMSTKP3GTWWYR56NA"	"2NU8N46UXFCDASPWI4ED0NTKIOIRT1"	"perspective"	"view"	"aspect"	"view"	"outlook"	"view"	"viewpoint"	"viewpoint"	"view"	"view"	"viewpoint"	"view"	"view"	"view"	"view"	"view"	"viewpoint"	"view"	"view"	"viewpoint"	"outlook"	"view"	"viewpoint"	"perception"	"view"	"view"	"view"	"view"	"view"	"viewpoint"	"understanding"	"view"	"view"	"view"	"view"	"view"	"view"	"view"	"view"	"view"	"viewpoint"	"point of view"	"view"	"view"	"opinion"	"view"	"view"	"view"	"view"	"viewpoint"	"view"
"2VG5COW0LGRZ9V4BJW363NUZXMSY7Q"	"2NU8N46UXFCDASPWI4ED0NTKIOIRT1"	"reconstituted"	"made"	"reconstruct"	"brought together"	"rebuilt"	"remade"	"reset"	"remade"	"rejuvenated"	"rebuilt"	"rebuild"	"rebuilt"	"rebuilt"	"remade"	"remade"	"reformed"	"rebuilt"	"remade"	"assembled"	"reformed"	"remade"	"made"	"reconstructed"	"made up"	"reconstructed"	"reformed"	"restored"	"enforced"	"rebuilt"	"remade"	"introduced"	"remade"	"made"	"rebuilt"	"made"	"remodeled"	"made"	"reworked"	"revived"	"reconstructed"	"reformed"	"reconstructed"	"reformed"	"made"	"built"	"built"	"constructed"	"rebuilt"	"rebuilt"	"fixed"	"recreated"
"2QKHECWA6X3YUZ4Z4NG5SXPTJWKMLY"	"2NU8N46UXFCDASPWI4ED0NTKIOIRT1"	"tributaries"	"channels"	"branches"	"streams"	"riverlets"	"streams"	"branches"	"channels"	"branches"	"branches"	"branches"	"branches"	"branch"	"smaller rivers"	"branches"	"stream"	"branches"	"feeders"	"streams"	"rivers"	"branches"	"accessory"	"creeks"	"branches"	"parts"	"streams"	"branches"	"branches"	"branches"	"offshoots"	"rivers"	"branches"	"branches"	"branches"	"brooks"	"branches"	"branches"	"creek"	"branches"	"creeks"	"rivers"	"streams"	"streams"	"channels"	"streams"	"creeks"	"feeders"	"inlets"	"branches"	"sources"	"rivelet"
"2PAV7WGKCCVLRQ4U7EDHIPQ4DIOT3R"	"2NU8N46UXFCDASPWI4ED0NTKIOIRT1"	"crucial"	"necessary,  important"	"important"	"important"	"important"	"critical"	"essential"	"essential"	"critical"	"essential"	"necessary"	"central"	"important"	"important"	"critical"	"important"	"important"	"important"	"important"	"important"	"important"	"important"	"important"	"necessary"	"necessary"	"importance"	"important"	"important"	"important"	"important"	"important"	"important"	"important"	"important"	"necessary"	"important"	"critical"	"important"	"important"	"important"	"necessary"	"required"	"important"	"important"	"important"	"necessary"	"essential"	"important"	"essential"	"critical"	"needed"
"29UM6IAA2SEI0HMK4ZHKSA4IJ1AMM0"	"2NU8N46UXFCDASPWI4ED0NTKIOIRT1"	"composed"	"compound"	"built"	"wrote"	"created"	"assembled"	"formed"	"written"	"wrote"	"wrote"	"wrote"	"wrote"	"constructed"	"created"	"produced"	"produced"	"made"	"made"	"wrote"	"made"	"created"	"written"	"written"	"made"	"produced"	"wrote"	"created"	"wrote"	"made"	"made"	"made"	"made"	"made"	"created"	"made"	"write"	"wrote"	"created"	"created"	"made"	"written"	"written"	"produced"	"created"	"collected"	"written"	"wrote"	"written"	"produced"	"written"	"written"
"2PAV7WGKCCVLRQ4U7EDHIPQ4DIP3T2"	"2NU8N46UXFCDASPWI4ED0NTKIOIRT1"	"lavish"	"fancy"	"generous"	"rich"	"extreme"	"abundant"	"grand"	"excessive"	"beautiful"	"beautiful"	"beautiful"	"rich"	"bountiful"	"rich"	"extravagant"	"abundant"	"extravagant"	"grand"	"affluent"	"rich"	"luxurious"	"rich"	"extravagant"	"lush"	"grand"	"luxurious"	"nice"	"extravagant"	"rich"	"swanky"	"fancy"	"fancy"	"rich"	"splendid"	"overblown"	"fancy"	"detailed"	"fancy"	"generous"	"expensive"	"fancy"	"fancy"	"pretty"	"garish"	"fancy"	"over the top"	"sumptuous"	"fancy"	"fancy"	"beautiful"	"fancy"
"2FNCOW0LGRZ3EZJZPNXVVUZWE038ZF"	"2NU8N46UXFCDASPWI4ED0NTKIOIRT1"	"demise"	"downfall"	"end"	"end"	"collapse"	"end"	"death"	"end"	"end"	"fate"	"end"	"downfall"	"death"	"death"	"ruin"	"end"	"end"	"downfall"	"end"	"defeat"	"death"	"end"	"ruin"	"death"	"death"	"ending"	"end"	"destruction"	"death"	"death"	"end"	"fall"	"death"	"downfall"	"death"	"death"	"end"	"end"	"end"	"downfall"	"death"	"death"	"end"	"death"	"death"	"end"	"fall"	"depart"	"death"	"end"	"death"
"2CZ8MZ9O9Z6K2RR6EA8HZRLFR9Q1AN"	"2NU8N46UXFCDASPWI4ED0NTKIOIRT1"	"vowed"	"swore"	"promised"	"swore"	"promised"	"promised"	"promised"	"pledge"	"promised"	"promised"	"promised"	"swore"	"swore"	"promised"	"promised"	"promised"	"promised"	"promised"	"promised"	"promised"	"promised"	"promised"	"promised"	"promised"	"promised"	"promised"	"promised"	"promised"	"promised"	"promised"	"promised"	"promised"	"declared"	"promised"	"promised"	"promised"	"promised"	"promised"	"promised"	"promised"	"promised"	"promised"	"promised"	"promised"	"promised"	"promised"	"promised"	"promised"	"promised"	"promised"	"promised"
"2KLFDEY5COW0R3JJ7J3RNLC6WWW3UT"	"2NU8N46UXFCDASPWI4ED0NTKIOIRT1"	"resembled"	"looked like"	"looked like"	"emulated"	"looked like"	"echoed"	"like"	"looked like"	"looked like"	"looked like"	"looked like"	"mirrored"	"looked like"	"looked like"	"looked like"	"appeared"	"mirrored"	"simulated"	"looked like"	"appeared"	"matched"	"appeared"	"looked like"	"looked like"	"echoed"	"looked like"	"looked like"	"looked like"	"favored"	"looked like"	"matched"	"looked like"	"matched"	"mirror"	"mirrored"	"like"	"look like"	"looked like"	"matched"	"looked like"	"looked"	"mirrored"	"looked like"	"doubled"	"simulated"	"mirrored"	"looked like"	"mimicked"	"looked like"	"similar"	"matched"
"2EZ0JPPSI2KYKCDCTIWKTM6WKCQJPP"	"2NU8N46UXFCDASPWI4ED0NTKIOIRT1"	"foster"	"promote"	"support"	"support"	"grow"	"support"	"grow"	"raise"	"encourage"	"serve"	"support"	"nourish"	"further"	"stimulate"	"promote"	"promote"	"care for"	"home"	"support"	"promote"	"encourage"	"encourage"	"encourage"	"care for"	"encourage"	"promote"	"promote"	"grow"	"grow"	"accommodate"	"grow"	"help"	"promote"	"grow"	"help"	"encourage"	"care for"	"support"	"nurture"	"nurse"	"mentor"	"support"	"build"	"nurture"	"thrive"	"promote"	"support"	"grow"	"uphold"	"encourage"	"nurture"
"2C4EC1PC6SK9X60PSA9ZMHMABYNO05"	"2NU8N46UXFCDASPWI4ED0NTKIOIRT1"	"infractions"	"offenses"	"errors"	"crimes"	"crimes"	"crimes"	"crimes"	"violations"	"violations"	"errors, sins"	"misdemeanors"	"offense"	"misdemeanors"	"crimes"	"crimes"	"violations"	"crimes"	"troubles"	"violations"	"crimes"	"crimes"	"offense"	"violations"	"crimes"	"misdemeanors"	"mistakes"	"issues"	"crimes"	"crimes"	"violations"	"crimes"	"errors"	"crimes"	"crimes"	"violations"	"crime"	"violation"	"violations"	"wrongdoing"	"violations"	"offenses"	"misdemeanor"	"atrocities"	"crimes"	"crimes"	"violations"	"crimes"	"crimes"	"wrongs"	"violation"	"errors"
"2IANQQ7Q67057DCWR2S21QC1YVIBVH"	"2NU8N46UXFCDASPWI4ED0NTKIOIRT1"	"accommodate"	"hold"	"shelter"	"house"	"house"	"house"	"hold"	"accept"	"supply"	"help"	"lodge"	"shelter"	"provide"	"provide"	"house"	"sustain"	"provide"	"provide"	"contain"	"handle"	"house"	"provide"	"coordinate"	"entertain"	"house"	"help"	"serve"	"help"	"house"	"house"	"house"	"house"	"help"	"offer"	"provide"	"favor"	"take care of"	"hold"	"adapt"	"house"	"contain"	"provide"	"serve"	"house"	"house"	"house"	"house"	"shelter"	"house"	"provide"	"hold"
"2CO6RLPHIT3H1J2FOTX2VJQ22G4H9N"	"2NU8N46UXFCDASPWI4ED0NTKIOIRT1"	"opted"	"chose"	"elected"	"picked"	"chose"	"decided"	"chose"	"decided"	"chose"	"voted"	"picked"	"picked"	"decided"	"chose"	"who chose"	"chose"	"voted"	"voted"	"picked"	"voted"	"picked"	"chose"	"decided"	"went"	"selected"	"decided"	"choice"	"selected"	"chose"	"chose"	"chose"	"voted"	"chose"	"chose"	"changed"	"voted"	"chose"	"went"	"chose"	"selected"	"elected"	"choose"	"decided"	"chose"	"chose"	"requested"	"chose"	"chose"	"selected"	"selected"	"chose"
"21ASZVXX2Q450HCAS97NQW1NTHQP7O"	"2NU8N46UXFCDASPWI4ED0NTKIOIRT1"	"animosity"	"hatred"	"resentment"	"bitterness"	"bad feelings"	"grumpiness"	"anger"	"hatred"	"debate"	"dislike"	"dislike"	"acrimony"	"hatred"	"feeling"	"hatred"	"hostility"	"temper"	"anger"	"hostility"	"ill will"	"hostility"	"dislike"	"fight"	"disgust"	"anger"	"hostility"	"hostility"	"dislike"	"hostility"	"dislike"	"hostility"	"hatred"	"hostility"	"anger"	"distrust"	"hostility"	"anger"	"hatred"	"hate"	"dislike"	"hatred"	"hate"	"hatred"	"hate"	"unfriendliness"	"anger"	"hate"	"difference"	"hate"	"hatred"	"hatred"
"26DH8MZ9O9Z6QJWJQLQHPRRLGZ290D"	"2NU8N46UXFCDASPWI4ED0NTKIOIRT1"	"vocalist"	"singer"	"singer"	"singer"	"singer"	"singer"	"singer"	"singer"	"singer"	"singer"	"singer"	"singer"	"singer"	"singer"	"singer"	"singer"	"singer"	"singer"	"singer"	"singer"	"singer"	"singer"	"singer"	"singer"	"singer"	"singer"	"singer"	"singer"	"singer"	"singer"	"caroler"	"singer"	"singer"	"singer"	"singer"	"singer"	"singer"	"singer"	"singer"	"singer"	"singer"	"singer"	"singer"	"singer"	"singer"	"singer"	"singer"	"singer"	"singer"	"singer"	"singer"
"255NVRH1KHO9K3JVBHEVHLKW86OQZ7"	"2NU8N46UXFCDASPWI4ED0NTKIOIRT1"	"forge"	"copy"	"duplicate"	"copy"	"make"	"copy"	"copy"	"fabricate"	"falsify"	"fake"	"falsify"	"fake"	"copy"	"copy"	"imitate"	"counterfeit"	"copy"	"duplicate"	"copy"	"create"	"copy"	"copy"	"create"	"reproduce"	"counterfeit"	"fake"	"copy"	"copy"	"make"	"fake"	"copy"	"fake"	"copy"	"fake"	"fake"	"make"	"fake"	"fake"	"copy"	"copy"	"make"	"copy"	"duplicate"	"copy"	"fake"	"fake"	"make"	"falsify"	"create"	"copy"	"duplicate"
"2M5QYN5F3Q0JMSLIQY3W6B49GIUEAJ"	"2NU8N46UXFCDASPWI4ED0NTKIOIRT1"	"vast"	"large"	"great"	"wide"	"great"	"massive"	"large"	"large"	"large"	"large"	"immense"	"large"	"expanded"	"large"	"extensive"	"large"	"great"	"wide"	"big"	"great"	"large"	"abundance"	"great"	"huge"	"huge"	"extensive"	"huge"	"huge"	"great"	"large"	"great"	"great"	"huge"	"large"	"huge"	"large"	"large"	"large"	"large"	"large"	"large"	"large"	"huge"	"huge"	"great"	"incredible"	"large amount of"	"extensive"	"great"	"large"	"wide"
"25Z1XERSQV66X8H1M4UH3WAVLR891G"	"2NU8N46UXFCDASPWI4ED0NTKIOIRT1"	"evidence"	"proof"	"findings"	"data"	"proof"	"proof"	"sign"	"support"	"proof"	"proof"	"findings"	"proof"	"proof"	"information"	"proof"	"proof"	"data"	"clues"	"proof"	"research"	"proof"	"finds"	"proof"	"knowledge"	"clue"	"proof"	"facts"	"findings"	"proof"	"proof"	"proof"	"info"	"proof"	"discoveries"	"knowledge"	"proof"	"proof"	"facts"	"proof"	"facts"	"proof"	"knowledge"	"finds"	"indications"	"clues"	"proof"	"proof"	"facts"	"research"	"findings"	"proof"
"2X2CCVLL3CA3999UT1VCHNQU86YY8D"	"2NU8N46UXFCDASPWI4ED0NTKIOIRT1"	"remarkable"	"significant"	"amazing"	"net"	"interesting"	"interesting"	"impressive"	"extraordinary"	"amazing"	"amazing"	"excellent"	"outstanding"	"impressive"	"amazing"	"worthy"	"exceptional"	"incredible"	"unusual"	"outstanding"	"amazing"	"amazing"	"astounding"	"especially"	"especially"	"extraordinary"	"incredible"	"impressive"	"significant"	"incredible"	"amazing"	"amazing"	"exceptional"	"amazing"	"interesting"	"noteworthy"	"special"	"notable"	"interesting"	"significant"	"interesting"	"interesting"	"interesting"	"awesome"	"outstanding"	"amazing"	"amazing"	"amazing"	"incredible"	"significant"	"interesting"	"extraordinary"
"2OOO33FDEY5CUJS5K2Q3GCRFML7R0H"	"2NU8N46UXFCDASPWI4ED0NTKIOIRT1"	"transparent"	"see through"	"clear"	"see-through"	"clear"	"clear"	"clear"	"clear"	"clear"	"clear"	"clear"	"see-through"	"clear"	"clear"	"clear"	"clear"	"see-through"	"clear"	"see through"	"invisible"	"clear"	"clear"	"see-through"	"clear"	"clear"	"clear"	"clear"	"clear"	"clear"	"clear"	"see-through"	"clear"	"clear"	"clear"	"see through"	"see through"	"clear"	"clear"	"clear"	"clear"	"clear"	"clear"	"clear"	"clear"	"see through"	"translucent"	"see through"	"clear"	"clear"	"clear"	"glassy"
"2V5LVWJ5OPB04I8JC9DWJ7EPA353VI"	"2NU8N46UXFCDASPWI4ED0NTKIOIRT1"	"deceased"	"dead"	"passed away"	"dead"	"dead"	"dead"	"dead"	"dead"	"dead"	"dead"	"dead"	"dead"	"dead"	"dead"	"dead"	"not living"	"dead"	"dead"	"dead"	"killed"	"dead"	"dead"	"dead"	"dead"	"dead"	"dead"	"departed"	"dead"	"dead"	"dead"	"dead"	"dead"	"dead"	"dead"	"dead"	"dead"	"dead"	"dead"	"dead"	"dead"	"dead"	"dead"	"dead"	"dead"	"dead"	"dead"	"dead"	"dead"	"dead"	"dead"	"dead"
"2FB3DHJHP4BDJ78O2JIS59X3HC73WS"	"2NU8N46UXFCDASPWI4ED0NTKIOIRT1"	"urges"	"pushes"	"tempts"	"encourages"	"asks"	"encourages"	"begs"	"pushes"	"told"	"prompts"	"asks"	"pushes"	"pushes"	"wants"	"pushes"	"encourages"	"pushes"	"pushes"	"forces"	"encourages"	"encourages"	"encouraged"	"pushes"	"pushes"	"pushes"	"encourages"	"encourages"	"requires"	"pushes"	"encourages"	"encourage"	"encourages"	"pushes"	"push"	"encourage"	"push"	"encourages"	"wants"	"tells"	"asked"	"pushes"	"pushes"	"encourages"	"pushes"	"pushes"	"pushes"	"encourages"	"persuades"	"pushes"	"pushes"	"persuades"
"2Q2SSZVXX2Q4BHM4UZPGVIW1O1A6OP"	"2NU8N46UXFCDASPWI4ED0NTKIOIRT1"	"attempting"	"trying"	"trying"	"trying"	"trying"	"trying"	"trying"	"performing"	"trying"	"trying"	"trying to make"	"trying"	"trying"	"making"	"trying"	"trying"	"trying"	"trying"	"trying"	"trying"	"trying"	"making"	"trying"	"trying"	"trying"	"trying"	"trying"	"trying"	"trying"	"seeking"	"executing"	"trying"	"trying"	"trying"	"trying"	"trying"	"throwing"	"trying"	"trying"	"trying"	"trying"	"trying"	"trying"	"trying"	"trying"	"trying"	"trying"	"trying"	"trying"	"trying"	"trying"
